filename,doc_type,is_fraud,fraud_type,siret_doc,date_expiration,montant_ht,montant_ttc,degradation,linked_group_id,source_dataset_path
98278539600010_rib_0000.pdf,rib,0,,98278539600010,,,,none,grp_98278539600010,data_generator/output/raw/98278539600010/98278539600010_rib_0000.pdf
98278539600010_rib_0000.png,rib,0,,98278539600010,,,,scan_degraded,grp_98278539600010,data_generator/output/scans/98278539600010/98278539600010_rib_0000.png
98278539600010_facture_0001.pdf,facture,0,,98278539600010,,28715.55,34458.66,none,grp_98278539600010,data_generator/output/raw/98278539600010/98278539600010_facture_0001.pdf
98278539600010_devis_0002.pdf,devis,0,,98278539600010,,4805.08,5766.10,none,grp_98278539600010,data_generator/output/raw/98278539600010/98278539600010_devis_0002.pdf
98278539600010_devis_0003.pdf,devis,0,,98278539600010,,135047.52,162057.02,none,grp_98278539600010,data_generator/output/raw/98278539600010/98278539600010_devis_0003.pdf
98278539600010_devis_0003.png,devis,0,,98278539600010,,135047.52,162057.02,scan_degraded,grp_98278539600010,data_generator/output/scans/98278539600010/98278539600010_devis_0003.png
98278539600010_attestation_urssaf_0004.pdf,attestation_urssaf,1,attestation_expiree,98278539600010,2025-09-07,,,none,grp_98278539600010,data_generator/output/raw_fraud/98278539600010/98278539600010_attestation_urssaf_0004.pdf
98278539600010_attestation_urssaf_0004.png,attestation_urssaf,1,attestation_expiree,98278539600010,2025-09-07,,,scan_degraded,grp_98278539600010,data_generator/output/scans_fraud/98278539600010/98278539600010_attestation_urssaf_0004.png
98278539600010_devis_0005.pdf,devis,0,,98278539600010,,34359.92,41231.90,none,grp_98278539600010,data_generator/output/raw/98278539600010/98278539600010_devis_0005.pdf
98278539600010_facture_0006.pdf,facture,1,montant_altere,98278539600010,,67620.33,76368.77,none,grp_98278539600010,data_generator/output/raw_fraud/98278539600010/98278539600010_facture_0006.pdf
98278539600010_devis_0007.pdf,devis,0,,98278539600010,,102825.35,113107.89,none,grp_98278539600010,data_generator/output/raw/98278539600010/98278539600010_devis_0007.pdf
39848699300056_rib_0008.pdf,rib,0,,39848699300056,,,,none,grp_39848699300056,data_generator/output/raw/39848699300056/39848699300056_rib_0008.pdf
39848699300056_facture_0009.pdf,facture,0,,39848699300056,,27981.52,33577.82,none,grp_39848699300056,data_generator/output/raw/39848699300056/39848699300056_facture_0009.pdf
39848699300056_facture_0010.pdf,facture,0,,39848699300056,,249064.14,298876.97,none,grp_39848699300056,data_generator/output/raw/39848699300056/39848699300056_facture_0010.pdf
39848699300056_facture_0010.png,facture,0,,39848699300056,,249064.14,298876.97,scan_degraded,grp_39848699300056,data_generator/output/scans/39848699300056/39848699300056_facture_0010.png
39848699300056_devis_0011.pdf,devis,0,,39848699300056,,38936.78,42830.46,none,grp_39848699300056,data_generator/output/raw/39848699300056/39848699300056_devis_0011.pdf
39848699300056_devis_0011.png,devis,0,,39848699300056,,38936.78,42830.46,scan_degraded,grp_39848699300056,data_generator/output/scans/39848699300056/39848699300056_devis_0011.png
39848699300056_devis_0012.pdf,devis,0,,39848699300056,,80842.14,88926.35,none,grp_39848699300056,data_generator/output/raw/39848699300056/39848699300056_devis_0012.pdf
39848699300056_devis_0012.png,devis,0,,39848699300056,,80842.14,88926.35,scan_degraded,grp_39848699300056,data_generator/output/scans/39848699300056/39848699300056_devis_0012.png
39848699300056_facture_0013.pdf,facture,0,,39848699300056,,129446.84,155336.21,none,grp_39848699300056,data_generator/output/raw/39848699300056/39848699300056_facture_0013.pdf
39848699300056_facture_0013.png,facture,0,,39848699300056,,129446.84,155336.21,scan_degraded,grp_39848699300056,data_generator/output/scans/39848699300056/39848699300056_facture_0013.png
39848699300056_kbis_0014.pdf,kbis,0,,39848699300056,,,,none,grp_39848699300056,data_generator/output/raw/39848699300056/39848699300056_kbis_0014.pdf
39848699300056_kbis_0014.png,kbis,0,,39848699300056,,,,scan_degraded,grp_39848699300056,data_generator/output/scans/39848699300056/39848699300056_kbis_0014.png
39848699300056_kbis_0015.pdf,kbis,0,,39848699300056,,,,none,grp_39848699300056,data_generator/output/raw/39848699300056/39848699300056_kbis_0015.pdf
39848699300056_kbis_0015.png,kbis,0,,39848699300056,,,,scan_degraded,grp_39848699300056,data_generator/output/scans/39848699300056/39848699300056_kbis_0015.png
39848699300056_attestation_urssaf_0016.pdf,attestation_urssaf,0,,39848699300056,2026-09-14,,,none,grp_39848699300056,data_generator/output/raw/39848699300056/39848699300056_attestation_urssaf_0016.pdf
39848699300056_rib_0017.pdf,rib,0,,39848699300056,,,,none,grp_39848699300056,data_generator/output/raw/39848699300056/39848699300056_rib_0017.pdf
39848699300056_facture_0018.pdf,facture,0,,39848699300056,,84620.38,89274.50,none,grp_39848699300056,data_generator/output/raw/39848699300056/39848699300056_facture_0018.pdf
77557197900282_devis_0019.pdf,devis,0,,77557197900282,,73792.26,77850.83,none,grp_77557197900282,data_generator/output/raw/77557197900282/77557197900282_devis_0019.pdf
77557197900282_facture_0020.pdf,facture,1,montant_altere,77557197900282,,121879.65,146800.26,none,grp_77557197900282,data_generator/output/raw_fraud/77557197900282/77557197900282_facture_0020.pdf
77557197900282_facture_0020.png,facture,1,montant_altere,77557197900282,,121879.65,146800.26,scan_degraded,grp_77557197900282,data_generator/output/scans_fraud/77557197900282/77557197900282_facture_0020.png
77557197900282_kbis_0021.pdf,kbis,0,,77557197900282,,,,none,grp_77557197900282,data_generator/output/raw/77557197900282/77557197900282_kbis_0021.pdf
77557197900282_kbis_0021.png,kbis,0,,77557197900282,,,,scan_degraded,grp_77557197900282,data_generator/output/scans/77557197900282/77557197900282_kbis_0021.png
77557197900282_devis_0022.pdf,devis,0,,77557197900282,,110371.07,121408.18,none,grp_77557197900282,data_generator/output/raw/77557197900282/77557197900282_devis_0022.pdf
77557197900282_devis_0022.png,devis,0,,77557197900282,,110371.07,121408.18,scan_degraded,grp_77557197900282,data_generator/output/scans/77557197900282/77557197900282_devis_0022.png
77557197900282_devis_0023.pdf,devis,0,,77557197900282,,66675.58,73343.14,none,grp_77557197900282,data_generator/output/raw/77557197900282/77557197900282_devis_0023.pdf
77557197900282_devis_0024.pdf,devis,0,,77557197900282,,68024.89,81629.87,none,grp_77557197900282,data_generator/output/raw/77557197900282/77557197900282_devis_0024.pdf
77557197900282_attestation_urssaf_0025.pdf,attestation_urssaf,0,,77557197900282,2026-09-14,,,none,grp_77557197900282,data_generator/output/raw/77557197900282/77557197900282_attestation_urssaf_0025.pdf
77557197900282_attestation_urssaf_0025.png,attestation_urssaf,0,,77557197900282,2026-09-14,,,scan_degraded,grp_77557197900282,data_generator/output/scans/77557197900282/77557197900282_attestation_urssaf_0025.png
77557197900282_facture_0026.pdf,facture,0,,77557197900282,,24466.98,29360.38,none,grp_77557197900282,data_generator/output/raw/77557197900282/77557197900282_facture_0026.pdf
77557197900282_facture_0026.png,facture,0,,77557197900282,,24466.98,29360.38,scan_degraded,grp_77557197900282,data_generator/output/scans/77557197900282/77557197900282_facture_0026.png
77557197900282_devis_0027.pdf,devis,0,,77557197900282,,49893.61,54882.97,none,grp_77557197900282,data_generator/output/raw/77557197900282/77557197900282_devis_0027.pdf
84475629600019_facture_0028.pdf,facture,0,,84475629600019,,173035.33,207642.40,none,grp_84475629600019,data_generator/output/raw/84475629600019/84475629600019_facture_0028.pdf
84475629600019_facture_0028.png,facture,0,,84475629600019,,173035.33,207642.40,scan_degraded,grp_84475629600019,data_generator/output/scans/84475629600019/84475629600019_facture_0028.png
84475629600019_attestation_urssaf_0029.pdf,attestation_urssaf,0,,84475629600019,2026-09-14,,,none,grp_84475629600019,data_generator/output/raw/84475629600019/84475629600019_attestation_urssaf_0029.pdf
84475629600019_facture_0030.pdf,facture,0,,84475629600019,,130083.22,156099.86,none,grp_84475629600019,data_generator/output/raw/84475629600019/84475629600019_facture_0030.pdf
84475629600019_kbis_0031.pdf,kbis,1,mauvais_siret,44110051800014,,,,none,grp_84475629600019,data_generator/output/raw_fraud/84475629600019/84475629600019_kbis_0031.pdf
84475629600019_kbis_0031.png,kbis,1,mauvais_siret,44110051800014,,,,scan_degraded,grp_84475629600019,data_generator/output/scans_fraud/84475629600019/84475629600019_kbis_0031.png
84475629600019_devis_0032.pdf,devis,0,,84475629600019,,105914.54,116505.99,none,grp_84475629600019,data_generator/output/raw/84475629600019/84475629600019_devis_0032.pdf
84475629600019_facture_0033.pdf,facture,1,montant_altere,84475629600019,,73103.41,82153.41,none,grp_84475629600019,data_generator/output/raw_fraud/84475629600019/84475629600019_facture_0033.pdf
84475629600019_facture_0034.pdf,facture,1,montant_altere,84475629600019,,244678.50,260415.32,none,grp_84475629600019,data_generator/output/raw_fraud/84475629600019/84475629600019_facture_0034.pdf
84475629600019_facture_0035.pdf,facture,0,,84475629600019,,83453.63,100144.36,none,grp_84475629600019,data_generator/output/raw/84475629600019/84475629600019_facture_0035.pdf
84475629600019_facture_0035.png,facture,0,,84475629600019,,83453.63,100144.36,scan_degraded,grp_84475629600019,data_generator/output/scans/84475629600019/84475629600019_facture_0035.png
84475629600019_facture_0036.pdf,facture,0,,84475629600019,,189625.31,208587.84,none,grp_84475629600019,data_generator/output/raw/84475629600019/84475629600019_facture_0036.pdf
84475629600019_facture_0037.pdf,facture,0,,84475629600019,,194705.32,214175.85,none,grp_84475629600019,data_generator/output/raw/84475629600019/84475629600019_facture_0037.pdf
84475629600019_devis_0038.pdf,devis,0,,84475629600019,,127340.87,134344.62,none,grp_84475629600019,data_generator/output/raw/84475629600019/84475629600019_devis_0038.pdf
84475629600019_devis_0038.png,devis,0,,84475629600019,,127340.87,134344.62,scan_degraded,grp_84475629600019,data_generator/output/scans/84475629600019/84475629600019_devis_0038.png
84475629600019_devis_0039.pdf,devis,1,montant_altere,84475629600019,,144793.85,174974.13,none,grp_84475629600019,data_generator/output/raw_fraud/84475629600019/84475629600019_devis_0039.pdf
49340268900027_rib_0040.pdf,rib,1,iban_invalide,49340268900027,,,,none,grp_49340268900027,data_generator/output/raw_fraud/49340268900027/49340268900027_rib_0040.pdf
49340268900027_devis_0041.pdf,devis,1,montant_altere,49340268900027,,138864.27,153994.63,none,grp_49340268900027,data_generator/output/raw_fraud/49340268900027/49340268900027_devis_0041.pdf
49340268900027_rib_0042.pdf,rib,1,iban_invalide,49340268900027,,,,none,grp_49340268900027,data_generator/output/raw_fraud/49340268900027/49340268900027_rib_0042.pdf
49340268900027_rib_0042.png,rib,1,iban_invalide,49340268900027,,,,scan_degraded,grp_49340268900027,data_generator/output/scans_fraud/49340268900027/49340268900027_rib_0042.png
49340268900027_rib_0043.pdf,rib,0,,49340268900027,,,,none,grp_49340268900027,data_generator/output/raw/49340268900027/49340268900027_rib_0043.pdf
49340268900027_rib_0043.png,rib,0,,49340268900027,,,,scan_degraded,grp_49340268900027,data_generator/output/scans/49340268900027/49340268900027_rib_0043.png
49340268900027_attestation_urssaf_0044.pdf,attestation_urssaf,0,,49340268900027,2026-09-14,,,none,grp_49340268900027,data_generator/output/raw/49340268900027/49340268900027_attestation_urssaf_0044.pdf
49340268900027_devis_0045.pdf,devis,0,,49340268900027,,50631.77,55694.95,none,grp_49340268900027,data_generator/output/raw/49340268900027/49340268900027_devis_0045.pdf
49340268900027_devis_0045.png,devis,0,,49340268900027,,50631.77,55694.95,scan_degraded,grp_49340268900027,data_generator/output/scans/49340268900027/49340268900027_devis_0045.png
49340268900027_rib_0046.pdf,rib,0,,49340268900027,,,,none,grp_49340268900027,data_generator/output/raw/49340268900027/49340268900027_rib_0046.pdf
49340268900027_facture_0047.pdf,facture,0,,49340268900027,,14456.54,17347.85,none,grp_49340268900027,data_generator/output/raw/49340268900027/49340268900027_facture_0047.pdf
49340268900027_facture_0047.png,facture,0,,49340268900027,,14456.54,17347.85,scan_degraded,grp_49340268900027,data_generator/output/scans/49340268900027/49340268900027_facture_0047.png
49340268900027_rib_0048.pdf,rib,1,iban_invalide,49340268900027,,,,none,grp_49340268900027,data_generator/output/raw_fraud/49340268900027/49340268900027_rib_0048.pdf
49340268900027_kbis_0049.pdf,kbis,0,,49340268900027,,,,none,grp_49340268900027,data_generator/output/raw/49340268900027/49340268900027_kbis_0049.pdf
49340268900027_facture_0050.pdf,facture,0,,49340268900027,,164872.65,181359.91,none,grp_49340268900027,data_generator/output/raw/49340268900027/49340268900027_facture_0050.pdf
83099817500012_attestation_urssaf_0051.pdf,attestation_urssaf,0,,83099817500012,2026-09-14,,,none,grp_83099817500012,data_generator/output/raw/83099817500012/83099817500012_attestation_urssaf_0051.pdf
83099817500012_devis_0052.pdf,devis,1,montant_altere,83099817500012,,93838.06,103427.92,none,grp_83099817500012,data_generator/output/raw_fraud/83099817500012/83099817500012_devis_0052.pdf
83099817500012_devis_0052.png,devis,1,montant_altere,83099817500012,,93838.06,103427.92,scan_degraded,grp_83099817500012,data_generator/output/scans_fraud/83099817500012/83099817500012_devis_0052.png
83099817500012_facture_0053.pdf,facture,0,,83099817500012,,45718.36,54862.03,none,grp_83099817500012,data_generator/output/raw/83099817500012/83099817500012_facture_0053.pdf
83099817500012_facture_0054.pdf,facture,0,,83099817500012,,137905.31,145490.10,none,grp_83099817500012,data_generator/output/raw/83099817500012/83099817500012_facture_0054.pdf
83099817500012_facture_0055.pdf,facture,0,,83099817500012,,127717.34,140489.07,none,grp_83099817500012,data_generator/output/raw/83099817500012/83099817500012_facture_0055.pdf
83099817500012_facture_0055.png,facture,0,,83099817500012,,127717.34,140489.07,scan_degraded,grp_83099817500012,data_generator/output/scans/83099817500012/83099817500012_facture_0055.png
83099817500012_devis_0056.pdf,devis,0,,83099817500012,,121005.86,145207.03,none,grp_83099817500012,data_generator/output/raw/83099817500012/83099817500012_devis_0056.pdf
83099817500012_devis_0056.png,devis,0,,83099817500012,,121005.86,145207.03,scan_degraded,grp_83099817500012,data_generator/output/scans/83099817500012/83099817500012_devis_0056.png
83099817500012_facture_0057.pdf,facture,0,,83099817500012,,110855.83,116952.90,none,grp_83099817500012,data_generator/output/raw/83099817500012/83099817500012_facture_0057.pdf
83099817500012_facture_0058.pdf,facture,0,,83099817500012,,45707.20,48221.10,none,grp_83099817500012,data_generator/output/raw/83099817500012/83099817500012_facture_0058.pdf
95167709500014_facture_0059.pdf,facture,0,,95167709500014,,19433.89,23320.67,none,grp_95167709500014,data_generator/output/raw/95167709500014/95167709500014_facture_0059.pdf
95167709500014_facture_0059.png,facture,0,,95167709500014,,19433.89,23320.67,scan_degraded,grp_95167709500014,data_generator/output/scans/95167709500014/95167709500014_facture_0059.png
95167709500014_facture_0060.pdf,facture,0,,95167709500014,,80934.99,97121.99,none,grp_95167709500014,data_generator/output/raw/95167709500014/95167709500014_facture_0060.pdf
95167709500014_facture_0060.png,facture,0,,95167709500014,,80934.99,97121.99,scan_degraded,grp_95167709500014,data_generator/output/scans/95167709500014/95167709500014_facture_0060.png
95167709500014_attestation_urssaf_0061.pdf,attestation_urssaf,0,,95167709500014,2026-09-14,,,none,grp_95167709500014,data_generator/output/raw/95167709500014/95167709500014_attestation_urssaf_0061.pdf
95167709500014_facture_0062.pdf,facture,0,,95167709500014,,98359.92,103769.72,none,grp_95167709500014,data_generator/output/raw/95167709500014/95167709500014_facture_0062.pdf
95167709500014_facture_0063.pdf,facture,0,,95167709500014,,65764.85,69381.92,none,grp_95167709500014,data_generator/output/raw/95167709500014/95167709500014_facture_0063.pdf
95167709500014_facture_0063.png,facture,0,,95167709500014,,65764.85,69381.92,scan_degraded,grp_95167709500014,data_generator/output/scans/95167709500014/95167709500014_facture_0063.png
95167709500014_rib_0064.pdf,rib,0,,95167709500014,,,,none,grp_95167709500014,data_generator/output/raw/95167709500014/95167709500014_rib_0064.pdf
95167709500014_rib_0064.png,rib,0,,95167709500014,,,,scan_degraded,grp_95167709500014,data_generator/output/scans/95167709500014/95167709500014_rib_0064.png
95167709500014_facture_0065.pdf,facture,0,,95167709500014,,109303.12,115314.79,none,grp_95167709500014,data_generator/output/raw/95167709500014/95167709500014_facture_0065.pdf
95167709500014_facture_0065.png,facture,0,,95167709500014,,109303.12,115314.79,scan_degraded,grp_95167709500014,data_generator/output/scans/95167709500014/95167709500014_facture_0065.png
95167709500014_rib_0066.pdf,rib,1,iban_invalide,95167709500014,,,,none,grp_95167709500014,data_generator/output/raw_fraud/95167709500014/95167709500014_rib_0066.pdf
95167709500014_devis_0067.pdf,devis,0,,95167709500014,,68744.83,72525.80,none,grp_95167709500014,data_generator/output/raw/95167709500014/95167709500014_devis_0067.pdf
34950603000015_kbis_0068.pdf,kbis,0,,34950603000015,,,,none,grp_34950603000015,data_generator/output/raw/34950603000015/34950603000015_kbis_0068.pdf
34950603000015_kbis_0068.png,kbis,0,,34950603000015,,,,scan_degraded,grp_34950603000015,data_generator/output/scans/34950603000015/34950603000015_kbis_0068.png
34950603000015_facture_0069.pdf,facture,0,,34950603000015,,2824.96,3389.95,none,grp_34950603000015,data_generator/output/raw/34950603000015/34950603000015_facture_0069.pdf
34950603000015_facture_0069.png,facture,0,,34950603000015,,2824.96,3389.95,scan_degraded,grp_34950603000015,data_generator/output/scans/34950603000015/34950603000015_facture_0069.png
34950603000015_devis_0070.pdf,devis,0,,34950603000015,,167131.72,200558.06,none,grp_34950603000015,data_generator/output/raw/34950603000015/34950603000015_devis_0070.pdf
34950603000015_devis_0070.png,devis,0,,34950603000015,,167131.72,200558.06,scan_degraded,grp_34950603000015,data_generator/output/scans/34950603000015/34950603000015_devis_0070.png
34950603000015_devis_0071.pdf,devis,1,montant_altere,34950603000015,,21374.82,24831.52,none,grp_34950603000015,data_generator/output/raw_fraud/34950603000015/34950603000015_devis_0071.pdf
34950603000015_devis_0071.png,devis,1,montant_altere,34950603000015,,21374.82,24831.52,scan_degraded,grp_34950603000015,data_generator/output/scans_fraud/34950603000015/34950603000015_devis_0071.png
34950603000015_facture_0072.pdf,facture,0,,34950603000015,,228082.36,273698.83,none,grp_34950603000015,data_generator/output/raw/34950603000015/34950603000015_facture_0072.pdf
34950603000015_devis_0073.pdf,devis,0,,34950603000015,,15083.04,15912.61,none,grp_34950603000015,data_generator/output/raw/34950603000015/34950603000015_devis_0073.pdf
34950603000015_devis_0073.png,devis,0,,34950603000015,,15083.04,15912.61,scan_degraded,grp_34950603000015,data_generator/output/scans/34950603000015/34950603000015_devis_0073.png
34950603000015_attestation_urssaf_0074.pdf,attestation_urssaf,0,,34950603000015,2026-09-14,,,none,grp_34950603000015,data_generator/output/raw/34950603000015/34950603000015_attestation_urssaf_0074.pdf
34950603000015_attestation_urssaf_0074.png,attestation_urssaf,0,,34950603000015,2026-09-14,,,scan_degraded,grp_34950603000015,data_generator/output/scans/34950603000015/34950603000015_attestation_urssaf_0074.png
34950603000015_facture_0075.pdf,facture,1,montant_altere,34950603000015,,211097.92,232814.98,none,grp_34950603000015,data_generator/output/raw_fraud/34950603000015/34950603000015_facture_0075.pdf
34950603000015_facture_0075.png,facture,1,montant_altere,34950603000015,,211097.92,232814.98,scan_degraded,grp_34950603000015,data_generator/output/scans_fraud/34950603000015/34950603000015_facture_0075.png
34950603000015_kbis_0076.pdf,kbis,1,mauvais_siret,82049232000032,,,,none,grp_34950603000015,data_generator/output/raw_fraud/34950603000015/34950603000015_kbis_0076.pdf
34950603000015_rib_0077.pdf,rib,0,,34950603000015,,,,none,grp_34950603000015,data_generator/output/raw/34950603000015/34950603000015_rib_0077.pdf
34950603000015_rib_0077.png,rib,0,,34950603000015,,,,scan_degraded,grp_34950603000015,data_generator/output/scans/34950603000015/34950603000015_rib_0077.png
34394671100029_kbis_0078.pdf,kbis,0,,34394671100029,,,,none,grp_34394671100029,data_generator/output/raw/34394671100029/34394671100029_kbis_0078.pdf
34394671100029_kbis_0078.png,kbis,0,,34394671100029,,,,scan_degraded,grp_34394671100029,data_generator/output/scans/34394671100029/34394671100029_kbis_0078.png
34394671100029_devis_0079.pdf,devis,0,,34394671100029,,26264.33,28890.76,none,grp_34394671100029,data_generator/output/raw/34394671100029/34394671100029_devis_0079.pdf
34394671100029_devis_0079.png,devis,0,,34394671100029,,26264.33,28890.76,scan_degraded,grp_34394671100029,data_generator/output/scans/34394671100029/34394671100029_devis_0079.png
34394671100029_devis_0080.pdf,devis,0,,34394671100029,,11099.67,13319.60,none,grp_34394671100029,data_generator/output/raw/34394671100029/34394671100029_devis_0080.pdf
34394671100029_devis_0080.png,devis,0,,34394671100029,,11099.67,13319.60,scan_degraded,grp_34394671100029,data_generator/output/scans/34394671100029/34394671100029_devis_0080.png
34394671100029_facture_0081.pdf,facture,0,,34394671100029,,114248.63,125673.49,none,grp_34394671100029,data_generator/output/raw/34394671100029/34394671100029_facture_0081.pdf
34394671100029_facture_0081.png,facture,0,,34394671100029,,114248.63,125673.49,scan_degraded,grp_34394671100029,data_generator/output/scans/34394671100029/34394671100029_facture_0081.png
34394671100029_facture_0082.pdf,facture,0,,34394671100029,,190470.94,209518.03,none,grp_34394671100029,data_generator/output/raw/34394671100029/34394671100029_facture_0082.pdf
34394671100029_facture_0082.png,facture,0,,34394671100029,,190470.94,209518.03,scan_degraded,grp_34394671100029,data_generator/output/scans/34394671100029/34394671100029_facture_0082.png
34394671100029_facture_0083.pdf,facture,0,,34394671100029,,100069.92,120083.90,none,grp_34394671100029,data_generator/output/raw/34394671100029/34394671100029_facture_0083.pdf
34394671100029_facture_0083.png,facture,0,,34394671100029,,100069.92,120083.90,scan_degraded,grp_34394671100029,data_generator/output/scans/34394671100029/34394671100029_facture_0083.png
34394671100029_attestation_urssaf_0084.pdf,attestation_urssaf,0,,34394671100029,2026-09-14,,,none,grp_34394671100029,data_generator/output/raw/34394671100029/34394671100029_attestation_urssaf_0084.pdf
34394671100029_attestation_urssaf_0084.png,attestation_urssaf,0,,34394671100029,2026-09-14,,,scan_degraded,grp_34394671100029,data_generator/output/scans/34394671100029/34394671100029_attestation_urssaf_0084.png
34394671100029_devis_0085.pdf,devis,0,,34394671100029,,73800.73,88560.88,none,grp_34394671100029,data_generator/output/raw/34394671100029/34394671100029_devis_0085.pdf
34394671100029_devis_0085.png,devis,0,,34394671100029,,73800.73,88560.88,scan_degraded,grp_34394671100029,data_generator/output/scans/34394671100029/34394671100029_devis_0085.png
34394671100029_facture_0086.pdf,facture,0,,34394671100029,,29223.66,35068.39,none,grp_34394671100029,data_generator/output/raw/34394671100029/34394671100029_facture_0086.pdf
34394671100029_facture_0086.png,facture,0,,34394671100029,,29223.66,35068.39,scan_degraded,grp_34394671100029,data_generator/output/scans/34394671100029/34394671100029_facture_0086.png
34394671100029_facture_0087.pdf,facture,0,,34394671100029,,95708.25,100972.20,none,grp_34394671100029,data_generator/output/raw/34394671100029/34394671100029_facture_0087.pdf
34394671100029_facture_0087.png,facture,0,,34394671100029,,95708.25,100972.20,scan_degraded,grp_34394671100029,data_generator/output/scans/34394671100029/34394671100029_facture_0087.png
48165563700017_devis_0088.pdf,devis,1,montant_altere,48165563700017,,167147.94,178282.53,none,grp_48165563700017,data_generator/output/raw_fraud/48165563700017/48165563700017_devis_0088.pdf
48165563700017_devis_0088.png,devis,1,montant_altere,48165563700017,,167147.94,178282.53,scan_degraded,grp_48165563700017,data_generator/output/scans_fraud/48165563700017/48165563700017_devis_0088.png
48165563700017_facture_0089.pdf,facture,0,,48165563700017,,60950.60,67045.66,none,grp_48165563700017,data_generator/output/raw/48165563700017/48165563700017_facture_0089.pdf
48165563700017_facture_0089.png,facture,0,,48165563700017,,60950.60,67045.66,scan_degraded,grp_48165563700017,data_generator/output/scans/48165563700017/48165563700017_facture_0089.png
48165563700017_attestation_urssaf_0090.pdf,attestation_urssaf,0,,48165563700017,2026-09-14,,,none,grp_48165563700017,data_generator/output/raw/48165563700017/48165563700017_attestation_urssaf_0090.pdf
48165563700017_facture_0091.pdf,facture,0,,48165563700017,,292020.61,321222.67,none,grp_48165563700017,data_generator/output/raw/48165563700017/48165563700017_facture_0091.pdf
48165563700017_facture_0091.png,facture,0,,48165563700017,,292020.61,321222.67,scan_degraded,grp_48165563700017,data_generator/output/scans/48165563700017/48165563700017_facture_0091.png
48165563700017_devis_0092.pdf,devis,0,,48165563700017,,11573.85,12210.41,none,grp_48165563700017,data_generator/output/raw/48165563700017/48165563700017_devis_0092.pdf
48165563700017_rib_0093.pdf,rib,0,,48165563700017,,,,none,grp_48165563700017,data_generator/output/raw/48165563700017/48165563700017_rib_0093.pdf
48165563700017_rib_0093.png,rib,0,,48165563700017,,,,scan_degraded,grp_48165563700017,data_generator/output/scans/48165563700017/48165563700017_rib_0093.png
48165563700017_devis_0094.pdf,devis,0,,48165563700017,,67499.10,74249.01,none,grp_48165563700017,data_generator/output/raw/48165563700017/48165563700017_devis_0094.pdf
48165563700017_devis_0095.pdf,devis,1,montant_altere,48165563700017,,67930.19,75404.20,none,grp_48165563700017,data_generator/output/raw_fraud/48165563700017/48165563700017_devis_0095.pdf
48165563700017_devis_0095.png,devis,1,montant_altere,48165563700017,,67930.19,75404.20,scan_degraded,grp_48165563700017,data_generator/output/scans_fraud/48165563700017/48165563700017_devis_0095.png
48165563700017_kbis_0096.pdf,kbis,1,mauvais_siret,39452889700082,,,,none,grp_48165563700017,data_generator/output/raw_fraud/48165563700017/48165563700017_kbis_0096.pdf
48165563700017_kbis_0096.png,kbis,1,mauvais_siret,39452889700082,,,,scan_degraded,grp_48165563700017,data_generator/output/scans_fraud/48165563700017/48165563700017_kbis_0096.png
48165563700017_kbis_0097.pdf,kbis,0,,48165563700017,,,,none,grp_48165563700017,data_generator/output/raw/48165563700017/48165563700017_kbis_0097.pdf
48165563700017_kbis_0097.png,kbis,0,,48165563700017,,,,scan_degraded,grp_48165563700017,data_generator/output/scans/48165563700017/48165563700017_kbis_0097.png
48165563700017_devis_0098.pdf,devis,0,,48165563700017,,160036.62,176040.28,none,grp_48165563700017,data_generator/output/raw/48165563700017/48165563700017_devis_0098.pdf
48165563700017_facture_0099.pdf,facture,0,,48165563700017,,155329.57,186395.48,none,grp_48165563700017,data_generator/output/raw/48165563700017/48165563700017_facture_0099.pdf
85351244000027_facture_0100.pdf,facture,0,,85351244000027,,3008.25,3609.90,none,grp_85351244000027,data_generator/output/raw/85351244000027/85351244000027_facture_0100.pdf
85351244000027_attestation_urssaf_0101.pdf,attestation_urssaf,0,,85351244000027,2026-09-14,,,none,grp_85351244000027,data_generator/output/raw/85351244000027/85351244000027_attestation_urssaf_0101.pdf
85351244000027_kbis_0102.pdf,kbis,0,,85351244000027,,,,none,grp_85351244000027,data_generator/output/raw/85351244000027/85351244000027_kbis_0102.pdf
85351244000027_kbis_0102.png,kbis,0,,85351244000027,,,,scan_degraded,grp_85351244000027,data_generator/output/scans/85351244000027/85351244000027_kbis_0102.png
85351244000027_devis_0103.pdf,devis,1,montant_altere,85351244000027,,64509.12,78131.20,none,grp_85351244000027,data_generator/output/raw_fraud/85351244000027/85351244000027_devis_0103.pdf
85351244000027_devis_0104.pdf,devis,0,,85351244000027,,81136.77,85599.29,none,grp_85351244000027,data_generator/output/raw/85351244000027/85351244000027_devis_0104.pdf
85351244000027_devis_0104.png,devis,0,,85351244000027,,81136.77,85599.29,scan_degraded,grp_85351244000027,data_generator/output/scans/85351244000027/85351244000027_devis_0104.png
85351244000027_rib_0105.pdf,rib,0,,85351244000027,,,,none,grp_85351244000027,data_generator/output/raw/85351244000027/85351244000027_rib_0105.pdf
85351244000027_rib_0105.png,rib,0,,85351244000027,,,,scan_degraded,grp_85351244000027,data_generator/output/scans/85351244000027/85351244000027_rib_0105.png
85351244000027_rib_0106.pdf,rib,0,,85351244000027,,,,none,grp_85351244000027,data_generator/output/raw/85351244000027/85351244000027_rib_0106.pdf
85351244000027_rib_0106.png,rib,0,,85351244000027,,,,scan_degraded,grp_85351244000027,data_generator/output/scans/85351244000027/85351244000027_rib_0106.png
85351244000027_devis_0107.pdf,devis,0,,85351244000027,,80286.97,88315.67,none,grp_85351244000027,data_generator/output/raw/85351244000027/85351244000027_devis_0107.pdf
85351244000027_facture_0108.pdf,facture,0,,85351244000027,,122938.13,147525.76,none,grp_85351244000027,data_generator/output/raw/85351244000027/85351244000027_facture_0108.pdf
79558003400333_kbis_0109.pdf,kbis,0,,79558003400333,,,,none,grp_79558003400333,data_generator/output/raw/79558003400333/79558003400333_kbis_0109.pdf
79558003400333_kbis_0109.png,kbis,0,,79558003400333,,,,scan_degraded,grp_79558003400333,data_generator/output/scans/79558003400333/79558003400333_kbis_0109.png
79558003400333_facture_0110.pdf,facture,1,montant_altere,79558003400333,,69802.38,74211.44,none,grp_79558003400333,data_generator/output/raw_fraud/79558003400333/79558003400333_facture_0110.pdf
79558003400333_facture_0110.png,facture,1,montant_altere,79558003400333,,69802.38,74211.44,scan_degraded,grp_79558003400333,data_generator/output/scans_fraud/79558003400333/79558003400333_facture_0110.png
79558003400333_kbis_0111.pdf,kbis,0,,79558003400333,,,,none,grp_79558003400333,data_generator/output/raw/79558003400333/79558003400333_kbis_0111.pdf
79558003400333_kbis_0111.png,kbis,0,,79558003400333,,,,scan_degraded,grp_79558003400333,data_generator/output/scans/79558003400333/79558003400333_kbis_0111.png
79558003400333_facture_0112.pdf,facture,0,,79558003400333,,178724.08,188553.90,none,grp_79558003400333,data_generator/output/raw/79558003400333/79558003400333_facture_0112.pdf
79558003400333_facture_0112.png,facture,0,,79558003400333,,178724.08,188553.90,scan_degraded,grp_79558003400333,data_generator/output/scans/79558003400333/79558003400333_facture_0112.png
79558003400333_facture_0113.pdf,facture,0,,79558003400333,,137519.99,151271.99,none,grp_79558003400333,data_generator/output/raw/79558003400333/79558003400333_facture_0113.pdf
79558003400333_facture_0113.png,facture,0,,79558003400333,,137519.99,151271.99,scan_degraded,grp_79558003400333,data_generator/output/scans/79558003400333/79558003400333_facture_0113.png
79558003400333_facture_0114.pdf,facture,0,,79558003400333,,87416.55,96158.21,none,grp_79558003400333,data_generator/output/raw/79558003400333/79558003400333_facture_0114.pdf
79558003400333_devis_0115.pdf,devis,0,,79558003400333,,155319.92,163862.52,none,grp_79558003400333,data_generator/output/raw/79558003400333/79558003400333_devis_0115.pdf
79558003400333_devis_0116.pdf,devis,1,montant_altere,79558003400333,,21986.03,23906.98,none,grp_79558003400333,data_generator/output/raw_fraud/79558003400333/79558003400333_devis_0116.pdf
79558003400333_devis_0116.png,devis,1,montant_altere,79558003400333,,21986.03,23906.98,scan_degraded,grp_79558003400333,data_generator/output/scans_fraud/79558003400333/79558003400333_devis_0116.png
79558003400333_facture_0117.pdf,facture,0,,79558003400333,,77739.94,93287.93,none,grp_79558003400333,data_generator/output/raw/79558003400333/79558003400333_facture_0117.pdf
79558003400333_rib_0118.pdf,rib,0,,79558003400333,,,,none,grp_79558003400333,data_generator/output/raw/79558003400333/79558003400333_rib_0118.pdf
79558003400333_attestation_urssaf_0119.pdf,attestation_urssaf,0,,79558003400333,2026-09-14,,,none,grp_79558003400333,data_generator/output/raw/79558003400333/79558003400333_attestation_urssaf_0119.pdf
79558003400333_attestation_urssaf_0119.png,attestation_urssaf,0,,79558003400333,2026-09-14,,,scan_degraded,grp_79558003400333,data_generator/output/scans/79558003400333/79558003400333_attestation_urssaf_0119.png
79558003400333_devis_0120.pdf,devis,0,,79558003400333,,103116.83,113428.51,none,grp_79558003400333,data_generator/output/raw/79558003400333/79558003400333_devis_0120.pdf
79558003400333_devis_0120.png,devis,0,,79558003400333,,103116.83,113428.51,scan_degraded,grp_79558003400333,data_generator/output/scans/79558003400333/79558003400333_devis_0120.png
47949166400021_devis_0121.pdf,devis,0,,47949166400021,,1781.12,1879.08,none,grp_47949166400021,data_generator/output/raw/47949166400021/47949166400021_devis_0121.pdf
47949166400021_facture_0122.pdf,facture,1,montant_altere,47949166400021,,167089.85,201733.56,none,grp_47949166400021,data_generator/output/raw_fraud/47949166400021/47949166400021_facture_0122.pdf
47949166400021_facture_0122.png,facture,1,montant_altere,47949166400021,,167089.85,201733.56,scan_degraded,grp_47949166400021,data_generator/output/scans_fraud/47949166400021/47949166400021_facture_0122.png
47949166400021_devis_0123.pdf,devis,0,,47949166400021,,71420.69,75348.83,none,grp_47949166400021,data_generator/output/raw/47949166400021/47949166400021_devis_0123.pdf
47949166400021_devis_0124.pdf,devis,1,montant_altere,47949166400021,,125793.73,152675.83,none,grp_47949166400021,data_generator/output/raw_fraud/47949166400021/47949166400021_devis_0124.pdf
47949166400021_devis_0124.png,devis,1,montant_altere,47949166400021,,125793.73,152675.83,scan_degraded,grp_47949166400021,data_generator/output/scans_fraud/47949166400021/47949166400021_devis_0124.png
47949166400021_attestation_urssaf_0125.pdf,attestation_urssaf,0,,47949166400021,2026-09-14,,,none,grp_47949166400021,data_generator/output/raw/47949166400021/47949166400021_attestation_urssaf_0125.pdf
47949166400021_kbis_0126.pdf,kbis,0,,47949166400021,,,,none,grp_47949166400021,data_generator/output/raw/47949166400021/47949166400021_kbis_0126.pdf
47949166400021_facture_0127.pdf,facture,0,,47949166400021,,77780.35,93336.42,none,grp_47949166400021,data_generator/output/raw/47949166400021/47949166400021_facture_0127.pdf
47949166400021_facture_0127.png,facture,0,,47949166400021,,77780.35,93336.42,scan_degraded,grp_47949166400021,data_generator/output/scans/47949166400021/47949166400021_facture_0127.png
47949166400021_devis_0128.pdf,devis,1,montant_altere,47949166400021,,99089.66,110993.91,none,grp_47949166400021,data_generator/output/raw_fraud/47949166400021/47949166400021_devis_0128.pdf
47949166400021_devis_0129.pdf,devis,0,,47949166400021,,12731.88,14005.07,none,grp_47949166400021,data_generator/output/raw/47949166400021/47949166400021_devis_0129.pdf
47949166400021_devis_0130.pdf,devis,0,,47949166400021,,115704.13,138844.96,none,grp_47949166400021,data_generator/output/raw/47949166400021/47949166400021_devis_0130.pdf
47949166400021_devis_0130.png,devis,0,,47949166400021,,115704.13,138844.96,scan_degraded,grp_47949166400021,data_generator/output/scans/47949166400021/47949166400021_devis_0130.png
47949166400021_devis_0131.pdf,devis,1,montant_altere,47949166400021,,74280.34,82526.85,none,grp_47949166400021,data_generator/output/raw_fraud/47949166400021/47949166400021_devis_0131.pdf
47949166400021_devis_0131.png,devis,1,montant_altere,47949166400021,,74280.34,82526.85,scan_degraded,grp_47949166400021,data_generator/output/scans_fraud/47949166400021/47949166400021_devis_0131.png
47949166400021_devis_0132.pdf,devis,1,montant_altere,47949166400021,,56496.26,62464.46,none,grp_47949166400021,data_generator/output/raw_fraud/47949166400021/47949166400021_devis_0132.pdf
41063180800020_facture_0133.pdf,facture,0,,41063180800020,,53270.33,56200.20,none,grp_41063180800020,data_generator/output/raw/41063180800020/41063180800020_facture_0133.pdf
41063180800020_devis_0134.pdf,devis,0,,41063180800020,,49841.49,54825.64,none,grp_41063180800020,data_generator/output/raw/41063180800020/41063180800020_devis_0134.pdf
41063180800020_devis_0134.png,devis,0,,41063180800020,,49841.49,54825.64,scan_degraded,grp_41063180800020,data_generator/output/scans/41063180800020/41063180800020_devis_0134.png
41063180800020_devis_0135.pdf,devis,0,,41063180800020,,49871.36,52614.28,none,grp_41063180800020,data_generator/output/raw/41063180800020/41063180800020_devis_0135.pdf
41063180800020_devis_0135.png,devis,0,,41063180800020,,49871.36,52614.28,scan_degraded,grp_41063180800020,data_generator/output/scans/41063180800020/41063180800020_devis_0135.png
41063180800020_facture_0136.pdf,facture,0,,41063180800020,,104256.78,109990.90,none,grp_41063180800020,data_generator/output/raw/41063180800020/41063180800020_facture_0136.pdf
41063180800020_facture_0136.png,facture,0,,41063180800020,,104256.78,109990.90,scan_degraded,grp_41063180800020,data_generator/output/scans/41063180800020/41063180800020_facture_0136.png
41063180800020_devis_0137.pdf,devis,0,,41063180800020,,2922.40,3083.13,none,grp_41063180800020,data_generator/output/raw/41063180800020/41063180800020_devis_0137.pdf
41063180800020_facture_0138.pdf,facture,1,montant_altere,41063180800020,,79646.82,89649.36,none,grp_41063180800020,data_generator/output/raw_fraud/41063180800020/41063180800020_facture_0138.pdf
41063180800020_kbis_0139.pdf,kbis,0,,41063180800020,,,,none,grp_41063180800020,data_generator/output/raw/41063180800020/41063180800020_kbis_0139.pdf
41063180800020_kbis_0139.png,kbis,0,,41063180800020,,,,scan_degraded,grp_41063180800020,data_generator/output/scans/41063180800020/41063180800020_kbis_0139.png
41063180800020_facture_0140.pdf,facture,1,montant_altere,41063180800020,,8611.33,11097.35,none,grp_41063180800020,data_generator/output/raw_fraud/41063180800020/41063180800020_facture_0140.pdf
41063180800020_facture_0140.png,facture,1,montant_altere,41063180800020,,8611.33,11097.35,scan_degraded,grp_41063180800020,data_generator/output/scans_fraud/41063180800020/41063180800020_facture_0140.png
41063180800020_facture_0141.pdf,facture,0,,41063180800020,,86616.10,103939.32,none,grp_41063180800020,data_generator/output/raw/41063180800020/41063180800020_facture_0141.pdf
41063180800020_attestation_urssaf_0142.pdf,attestation_urssaf,0,,41063180800020,2026-09-14,,,none,grp_41063180800020,data_generator/output/raw/41063180800020/41063180800020_attestation_urssaf_0142.pdf
41063180800020_attestation_urssaf_0142.png,attestation_urssaf,0,,41063180800020,2026-09-14,,,scan_degraded,grp_41063180800020,data_generator/output/scans/41063180800020/41063180800020_attestation_urssaf_0142.png
49468612400038_facture_0143.pdf,facture,0,,49468612400038,,27399.36,30139.30,none,grp_49468612400038,data_generator/output/raw/49468612400038/49468612400038_facture_0143.pdf
49468612400038_facture_0143.png,facture,0,,49468612400038,,27399.36,30139.30,scan_degraded,grp_49468612400038,data_generator/output/scans/49468612400038/49468612400038_facture_0143.png
49468612400038_facture_0144.pdf,facture,0,,49468612400038,,47805.42,52585.96,none,grp_49468612400038,data_generator/output/raw/49468612400038/49468612400038_facture_0144.pdf
49468612400038_facture_0144.png,facture,0,,49468612400038,,47805.42,52585.96,scan_degraded,grp_49468612400038,data_generator/output/scans/49468612400038/49468612400038_facture_0144.png
49468612400038_facture_0145.pdf,facture,1,montant_altere,49468612400038,,51082.56,58801.20,none,grp_49468612400038,data_generator/output/raw_fraud/49468612400038/49468612400038_facture_0145.pdf
49468612400038_facture_0145.png,facture,1,montant_altere,49468612400038,,51082.56,58801.20,scan_degraded,grp_49468612400038,data_generator/output/scans_fraud/49468612400038/49468612400038_facture_0145.png
49468612400038_rib_0146.pdf,rib,0,,49468612400038,,,,none,grp_49468612400038,data_generator/output/raw/49468612400038/49468612400038_rib_0146.pdf
49468612400038_rib_0146.png,rib,0,,49468612400038,,,,scan_degraded,grp_49468612400038,data_generator/output/scans/49468612400038/49468612400038_rib_0146.png
49468612400038_devis_0147.pdf,devis,0,,49468612400038,,95978.93,115174.72,none,grp_49468612400038,data_generator/output/raw/49468612400038/49468612400038_devis_0147.pdf
49468612400038_attestation_urssaf_0148.pdf,attestation_urssaf,0,,49468612400038,2026-09-14,,,none,grp_49468612400038,data_generator/output/raw/49468612400038/49468612400038_attestation_urssaf_0148.pdf
49468612400038_attestation_urssaf_0148.png,attestation_urssaf,0,,49468612400038,2026-09-14,,,scan_degraded,grp_49468612400038,data_generator/output/scans/49468612400038/49468612400038_attestation_urssaf_0148.png
49468612400038_devis_0149.pdf,devis,0,,49468612400038,,38389.92,46067.90,none,grp_49468612400038,data_generator/output/raw/49468612400038/49468612400038_devis_0149.pdf
49468612400038_devis_0149.png,devis,0,,49468612400038,,38389.92,46067.90,scan_degraded,grp_49468612400038,data_generator/output/scans/49468612400038/49468612400038_devis_0149.png
49468612400038_facture_0150.pdf,facture,0,,49468612400038,,206088.75,217423.63,none,grp_49468612400038,data_generator/output/raw/49468612400038/49468612400038_facture_0150.pdf
49468612400038_facture_0150.png,facture,0,,49468612400038,,206088.75,217423.63,scan_degraded,grp_49468612400038,data_generator/output/scans/49468612400038/49468612400038_facture_0150.png
49468612400038_kbis_0151.pdf,kbis,1,mauvais_siret,88770999600011,,,,none,grp_49468612400038,data_generator/output/raw_fraud/49468612400038/49468612400038_kbis_0151.pdf
49468612400038_rib_0152.pdf,rib,0,,49468612400038,,,,none,grp_49468612400038,data_generator/output/raw/49468612400038/49468612400038_rib_0152.pdf
49468612400038_devis_0153.pdf,devis,0,,49468612400038,,2507.41,2758.15,none,grp_49468612400038,data_generator/output/raw/49468612400038/49468612400038_devis_0153.pdf
49468612400038_devis_0153.png,devis,0,,49468612400038,,2507.41,2758.15,scan_degraded,grp_49468612400038,data_generator/output/scans/49468612400038/49468612400038_devis_0153.png
49468612400038_facture_0154.pdf,facture,0,,49468612400038,,137426.64,144985.11,none,grp_49468612400038,data_generator/output/raw/49468612400038/49468612400038_facture_0154.pdf
49468612400038_facture_0154.png,facture,0,,49468612400038,,137426.64,144985.11,scan_degraded,grp_49468612400038,data_generator/output/scans/49468612400038/49468612400038_facture_0154.png
80795315300010_rib_0155.pdf,rib,0,,80795315300010,,,,none,grp_80795315300010,data_generator/output/raw/80795315300010/80795315300010_rib_0155.pdf
80795315300010_devis_0156.pdf,devis,0,,80795315300010,,75507.54,90609.05,none,grp_80795315300010,data_generator/output/raw/80795315300010/80795315300010_devis_0156.pdf
80795315300010_devis_0156.png,devis,0,,80795315300010,,75507.54,90609.05,scan_degraded,grp_80795315300010,data_generator/output/scans/80795315300010/80795315300010_devis_0156.png
80795315300010_facture_0157.pdf,facture,0,,80795315300010,,97257.81,116709.37,none,grp_80795315300010,data_generator/output/raw/80795315300010/80795315300010_facture_0157.pdf
80795315300010_rib_0158.pdf,rib,0,,80795315300010,,,,none,grp_80795315300010,data_generator/output/raw/80795315300010/80795315300010_rib_0158.pdf
80795315300010_rib_0158.png,rib,0,,80795315300010,,,,scan_degraded,grp_80795315300010,data_generator/output/scans/80795315300010/80795315300010_rib_0158.png
80795315300010_kbis_0159.pdf,kbis,0,,80795315300010,,,,none,grp_80795315300010,data_generator/output/raw/80795315300010/80795315300010_kbis_0159.pdf
80795315300010_kbis_0159.png,kbis,0,,80795315300010,,,,scan_degraded,grp_80795315300010,data_generator/output/scans/80795315300010/80795315300010_kbis_0159.png
80795315300010_rib_0160.pdf,rib,0,,80795315300010,,,,none,grp_80795315300010,data_generator/output/raw/80795315300010/80795315300010_rib_0160.pdf
80795315300010_facture_0161.pdf,facture,0,,80795315300010,,106917.86,112798.34,none,grp_80795315300010,data_generator/output/raw/80795315300010/80795315300010_facture_0161.pdf
80795315300010_facture_0162.pdf,facture,0,,80795315300010,,119805.46,126394.76,none,grp_80795315300010,data_generator/output/raw/80795315300010/80795315300010_facture_0162.pdf
80795315300010_facture_0162.png,facture,0,,80795315300010,,119805.46,126394.76,scan_degraded,grp_80795315300010,data_generator/output/scans/80795315300010/80795315300010_facture_0162.png
80795315300010_kbis_0163.pdf,kbis,0,,80795315300010,,,,none,grp_80795315300010,data_generator/output/raw/80795315300010/80795315300010_kbis_0163.pdf
80795315300010_kbis_0163.png,kbis,0,,80795315300010,,,,scan_degraded,grp_80795315300010,data_generator/output/scans/80795315300010/80795315300010_kbis_0163.png
80795315300010_facture_0164.pdf,facture,0,,80795315300010,,134239.80,147663.78,none,grp_80795315300010,data_generator/output/raw/80795315300010/80795315300010_facture_0164.pdf
80795315300010_facture_0164.png,facture,0,,80795315300010,,134239.80,147663.78,scan_degraded,grp_80795315300010,data_generator/output/scans/80795315300010/80795315300010_facture_0164.png
80795315300010_devis_0165.pdf,devis,1,montant_altere,80795315300010,,18879.15,23165.50,none,grp_80795315300010,data_generator/output/raw_fraud/80795315300010/80795315300010_devis_0165.pdf
80795315300010_attestation_urssaf_0166.pdf,attestation_urssaf,1,attestation_expiree,80795315300010,2024-03-31,,,none,grp_80795315300010,data_generator/output/raw_fraud/80795315300010/80795315300010_attestation_urssaf_0166.pdf
80795315300010_attestation_urssaf_0166.png,attestation_urssaf,1,attestation_expiree,80795315300010,2024-03-31,,,scan_degraded,grp_80795315300010,data_generator/output/scans_fraud/80795315300010/80795315300010_attestation_urssaf_0166.png
79219798000016_attestation_urssaf_0167.pdf,attestation_urssaf,1,attestation_expiree,79219798000016,2024-09-19,,,none,grp_79219798000016,data_generator/output/raw_fraud/79219798000016/79219798000016_attestation_urssaf_0167.pdf
79219798000016_attestation_urssaf_0167.png,attestation_urssaf,1,attestation_expiree,79219798000016,2024-09-19,,,scan_degraded,grp_79219798000016,data_generator/output/scans_fraud/79219798000016/79219798000016_attestation_urssaf_0167.png
79219798000016_facture_0168.pdf,facture,0,,79219798000016,,34793.64,38273.00,none,grp_79219798000016,data_generator/output/raw/79219798000016/79219798000016_facture_0168.pdf
79219798000016_kbis_0169.pdf,kbis,1,mauvais_siret,49468612400038,,,,none,grp_79219798000016,data_generator/output/raw_fraud/79219798000016/79219798000016_kbis_0169.pdf
79219798000016_kbis_0169.png,kbis,1,mauvais_siret,49468612400038,,,,scan_degraded,grp_79219798000016,data_generator/output/scans_fraud/79219798000016/79219798000016_kbis_0169.png
79219798000016_facture_0170.pdf,facture,0,,79219798000016,,136290.23,149919.25,none,grp_79219798000016,data_generator/output/raw/79219798000016/79219798000016_facture_0170.pdf
79219798000016_kbis_0171.pdf,kbis,0,,79219798000016,,,,none,grp_79219798000016,data_generator/output/raw/79219798000016/79219798000016_kbis_0171.pdf
79219798000016_facture_0172.pdf,facture,0,,79219798000016,,7612.38,9134.86,none,grp_79219798000016,data_generator/output/raw/79219798000016/79219798000016_facture_0172.pdf
79219798000016_facture_0172.png,facture,0,,79219798000016,,7612.38,9134.86,scan_degraded,grp_79219798000016,data_generator/output/scans/79219798000016/79219798000016_facture_0172.png
79219798000016_kbis_0173.pdf,kbis,1,mauvais_siret,83430785200014,,,,none,grp_79219798000016,data_generator/output/raw_fraud/79219798000016/79219798000016_kbis_0173.pdf
79219798000016_kbis_0173.png,kbis,1,mauvais_siret,83430785200014,,,,scan_degraded,grp_79219798000016,data_generator/output/scans_fraud/79219798000016/79219798000016_kbis_0173.png
79219798000016_facture_0174.pdf,facture,0,,79219798000016,,56182.13,67418.56,none,grp_79219798000016,data_generator/output/raw/79219798000016/79219798000016_facture_0174.pdf
79219798000016_facture_0174.png,facture,0,,79219798000016,,56182.13,67418.56,scan_degraded,grp_79219798000016,data_generator/output/scans/79219798000016/79219798000016_facture_0174.png
79219798000016_facture_0175.pdf,facture,1,montant_altere,79219798000016,,139576.50,148042.22,none,grp_79219798000016,data_generator/output/raw_fraud/79219798000016/79219798000016_facture_0175.pdf
79219798000016_facture_0175.png,facture,1,montant_altere,79219798000016,,139576.50,148042.22,scan_degraded,grp_79219798000016,data_generator/output/scans_fraud/79219798000016/79219798000016_facture_0175.png
93352902600017_attestation_urssaf_0176.pdf,attestation_urssaf,0,,93352902600017,2026-09-14,,,none,grp_93352902600017,data_generator/output/raw/93352902600017/93352902600017_attestation_urssaf_0176.pdf
93352902600017_attestation_urssaf_0176.png,attestation_urssaf,0,,93352902600017,2026-09-14,,,scan_degraded,grp_93352902600017,data_generator/output/scans/93352902600017/93352902600017_attestation_urssaf_0176.png
93352902600017_facture_0177.pdf,facture,0,,93352902600017,,31677.80,33420.08,none,grp_93352902600017,data_generator/output/raw/93352902600017/93352902600017_facture_0177.pdf
93352902600017_facture_0177.png,facture,0,,93352902600017,,31677.80,33420.08,scan_degraded,grp_93352902600017,data_generator/output/scans/93352902600017/93352902600017_facture_0177.png
93352902600017_facture_0178.pdf,facture,0,,93352902600017,,102426.29,122911.55,none,grp_93352902600017,data_generator/output/raw/93352902600017/93352902600017_facture_0178.pdf
93352902600017_devis_0179.pdf,devis,0,,93352902600017,,84435.82,92879.40,none,grp_93352902600017,data_generator/output/raw/93352902600017/93352902600017_devis_0179.pdf
93352902600017_devis_0179.png,devis,0,,93352902600017,,84435.82,92879.40,scan_degraded,grp_93352902600017,data_generator/output/scans/93352902600017/93352902600017_devis_0179.png
93352902600017_devis_0180.pdf,devis,0,,93352902600017,,94386.23,99577.47,none,grp_93352902600017,data_generator/output/raw/93352902600017/93352902600017_devis_0180.pdf
93352902600017_rib_0181.pdf,rib,1,iban_invalide,93352902600017,,,,none,grp_93352902600017,data_generator/output/raw_fraud/93352902600017/93352902600017_rib_0181.pdf
93352902600017_devis_0182.pdf,devis,0,,93352902600017,,130791.02,156949.22,none,grp_93352902600017,data_generator/output/raw/93352902600017/93352902600017_devis_0182.pdf
93352902600017_devis_0182.png,devis,0,,93352902600017,,130791.02,156949.22,scan_degraded,grp_93352902600017,data_generator/output/scans/93352902600017/93352902600017_devis_0182.png
93352902600017_kbis_0183.pdf,kbis,0,,93352902600017,,,,none,grp_93352902600017,data_generator/output/raw/93352902600017/93352902600017_kbis_0183.pdf
93352902600017_devis_0184.pdf,devis,0,,93352902600017,,37963.76,45556.51,none,grp_93352902600017,data_generator/output/raw/93352902600017/93352902600017_devis_0184.pdf
93352902600017_devis_0184.png,devis,0,,93352902600017,,37963.76,45556.51,scan_degraded,grp_93352902600017,data_generator/output/scans/93352902600017/93352902600017_devis_0184.png
93352902600017_facture_0185.pdf,facture,0,,93352902600017,,27925.92,29461.85,none,grp_93352902600017,data_generator/output/raw/93352902600017/93352902600017_facture_0185.pdf
44110051800014_devis_0186.pdf,devis,0,,44110051800014,,138089.77,165707.72,none,grp_44110051800014,data_generator/output/raw/44110051800014/44110051800014_devis_0186.pdf
44110051800014_devis_0186.png,devis,0,,44110051800014,,138089.77,165707.72,scan_degraded,grp_44110051800014,data_generator/output/scans/44110051800014/44110051800014_devis_0186.png
44110051800014_facture_0187.pdf,facture,0,,44110051800014,,54179.59,57159.47,none,grp_44110051800014,data_generator/output/raw/44110051800014/44110051800014_facture_0187.pdf
44110051800014_facture_0187.png,facture,0,,44110051800014,,54179.59,57159.47,scan_degraded,grp_44110051800014,data_generator/output/scans/44110051800014/44110051800014_facture_0187.png
44110051800014_devis_0188.pdf,devis,0,,44110051800014,,102442.45,112686.70,none,grp_44110051800014,data_generator/output/raw/44110051800014/44110051800014_devis_0188.pdf
44110051800014_devis_0189.pdf,devis,0,,44110051800014,,2505.94,2643.77,none,grp_44110051800014,data_generator/output/raw/44110051800014/44110051800014_devis_0189.pdf
44110051800014_rib_0190.pdf,rib,0,,44110051800014,,,,none,grp_44110051800014,data_generator/output/raw/44110051800014/44110051800014_rib_0190.pdf
44110051800014_rib_0190.png,rib,0,,44110051800014,,,,scan_degraded,grp_44110051800014,data_generator/output/scans/44110051800014/44110051800014_rib_0190.png
44110051800014_facture_0191.pdf,facture,0,,44110051800014,,11678.85,14014.62,none,grp_44110051800014,data_generator/output/raw/44110051800014/44110051800014_facture_0191.pdf
44110051800014_rib_0192.pdf,rib,0,,44110051800014,,,,none,grp_44110051800014,data_generator/output/raw/44110051800014/44110051800014_rib_0192.pdf
44110051800014_rib_0192.png,rib,0,,44110051800014,,,,scan_degraded,grp_44110051800014,data_generator/output/scans/44110051800014/44110051800014_rib_0192.png
44110051800014_devis_0193.pdf,devis,0,,44110051800014,,278134.87,333761.84,none,grp_44110051800014,data_generator/output/raw/44110051800014/44110051800014_devis_0193.pdf
44110051800014_devis_0193.png,devis,0,,44110051800014,,278134.87,333761.84,scan_degraded,grp_44110051800014,data_generator/output/scans/44110051800014/44110051800014_devis_0193.png
44110051800014_rib_0194.pdf,rib,0,,44110051800014,,,,none,grp_44110051800014,data_generator/output/raw/44110051800014/44110051800014_rib_0194.pdf
44110051800014_rib_0194.png,rib,0,,44110051800014,,,,scan_degraded,grp_44110051800014,data_generator/output/scans/44110051800014/44110051800014_rib_0194.png
44110051800014_attestation_urssaf_0195.pdf,attestation_urssaf,0,,44110051800014,2026-09-14,,,none,grp_44110051800014,data_generator/output/raw/44110051800014/44110051800014_attestation_urssaf_0195.pdf
81933677700019_devis_0196.pdf,devis,1,montant_altere,81933677700019,,18522.12,22428.54,none,grp_81933677700019,data_generator/output/raw_fraud/81933677700019/81933677700019_devis_0196.pdf
81933677700019_devis_0197.pdf,devis,0,,81933677700019,,147069.35,155158.16,none,grp_81933677700019,data_generator/output/raw/81933677700019/81933677700019_devis_0197.pdf
81933677700019_devis_0197.png,devis,0,,81933677700019,,147069.35,155158.16,scan_degraded,grp_81933677700019,data_generator/output/scans/81933677700019/81933677700019_devis_0197.png
81933677700019_rib_0198.pdf,rib,0,,81933677700019,,,,none,grp_81933677700019,data_generator/output/raw/81933677700019/81933677700019_rib_0198.pdf
81933677700019_rib_0198.png,rib,0,,81933677700019,,,,scan_degraded,grp_81933677700019,data_generator/output/scans/81933677700019/81933677700019_rib_0198.png
81933677700019_attestation_urssaf_0199.pdf,attestation_urssaf,0,,81933677700019,2026-09-14,,,none,grp_81933677700019,data_generator/output/raw/81933677700019/81933677700019_attestation_urssaf_0199.pdf
81933677700019_facture_0200.pdf,facture,1,montant_altere,81933677700019,,104990.39,126627.74,none,grp_81933677700019,data_generator/output/raw_fraud/81933677700019/81933677700019_facture_0200.pdf
81933677700019_facture_0200.png,facture,1,montant_altere,81933677700019,,104990.39,126627.74,scan_degraded,grp_81933677700019,data_generator/output/scans_fraud/81933677700019/81933677700019_facture_0200.png
81933677700019_kbis_0201.pdf,kbis,0,,81933677700019,,,,none,grp_81933677700019,data_generator/output/raw/81933677700019/81933677700019_kbis_0201.pdf
81933677700019_facture_0202.pdf,facture,0,,81933677700019,,90740.61,95731.34,none,grp_81933677700019,data_generator/output/raw/81933677700019/81933677700019_facture_0202.pdf
81933677700019_facture_0202.png,facture,0,,81933677700019,,90740.61,95731.34,scan_degraded,grp_81933677700019,data_generator/output/scans/81933677700019/81933677700019_facture_0202.png
81933677700019_kbis_0203.pdf,kbis,0,,81933677700019,,,,none,grp_81933677700019,data_generator/output/raw/81933677700019/81933677700019_kbis_0203.pdf
81933677700019_kbis_0203.png,kbis,0,,81933677700019,,,,scan_degraded,grp_81933677700019,data_generator/output/scans/81933677700019/81933677700019_kbis_0203.png
78925139400027_devis_0204.pdf,devis,0,,78925139400027,,14109.00,15519.90,none,grp_78925139400027,data_generator/output/raw/78925139400027/78925139400027_devis_0204.pdf
78925139400027_devis_0205.pdf,devis,1,montant_altere,78925139400027,,139907.74,149301.66,none,grp_78925139400027,data_generator/output/raw_fraud/78925139400027/78925139400027_devis_0205.pdf
78925139400027_rib_0206.pdf,rib,0,,78925139400027,,,,none,grp_78925139400027,data_generator/output/raw/78925139400027/78925139400027_rib_0206.pdf
78925139400027_facture_0207.pdf,facture,0,,78925139400027,,68770.27,82524.32,none,grp_78925139400027,data_generator/output/raw/78925139400027/78925139400027_facture_0207.pdf
78925139400027_facture_0207.png,facture,0,,78925139400027,,68770.27,82524.32,scan_degraded,grp_78925139400027,data_generator/output/scans/78925139400027/78925139400027_facture_0207.png
78925139400027_devis_0208.pdf,devis,0,,78925139400027,,127489.54,134501.46,none,grp_78925139400027,data_generator/output/raw/78925139400027/78925139400027_devis_0208.pdf
78925139400027_devis_0208.png,devis,0,,78925139400027,,127489.54,134501.46,scan_degraded,grp_78925139400027,data_generator/output/scans/78925139400027/78925139400027_devis_0208.png
78925139400027_devis_0209.pdf,devis,0,,78925139400027,,83058.00,99669.60,none,grp_78925139400027,data_generator/output/raw/78925139400027/78925139400027_devis_0209.pdf
78925139400027_devis_0210.pdf,devis,0,,78925139400027,,4777.43,5040.19,none,grp_78925139400027,data_generator/output/raw/78925139400027/78925139400027_devis_0210.pdf
78925139400027_attestation_urssaf_0211.pdf,attestation_urssaf,0,,78925139400027,2026-09-14,,,none,grp_78925139400027,data_generator/output/raw/78925139400027/78925139400027_attestation_urssaf_0211.pdf
78925139400027_attestation_urssaf_0211.png,attestation_urssaf,0,,78925139400027,2026-09-14,,,scan_degraded,grp_78925139400027,data_generator/output/scans/78925139400027/78925139400027_attestation_urssaf_0211.png
78925139400027_facture_0212.pdf,facture,0,,78925139400027,,147057.02,161762.72,none,grp_78925139400027,data_generator/output/raw/78925139400027/78925139400027_facture_0212.pdf
78925139400027_kbis_0213.pdf,kbis,0,,78925139400027,,,,none,grp_78925139400027,data_generator/output/raw/78925139400027/78925139400027_kbis_0213.pdf
78925139400027_kbis_0213.png,kbis,0,,78925139400027,,,,scan_degraded,grp_78925139400027,data_generator/output/scans/78925139400027/78925139400027_kbis_0213.png
78925139400027_facture_0214.pdf,facture,1,montant_altere,78925139400027,,117481.50,143431.70,none,grp_78925139400027,data_generator/output/raw_fraud/78925139400027/78925139400027_facture_0214.pdf
78925139400027_kbis_0215.pdf,kbis,0,,78925139400027,,,,none,grp_78925139400027,data_generator/output/raw/78925139400027/78925139400027_kbis_0215.pdf
78925139400027_kbis_0215.png,kbis,0,,78925139400027,,,,scan_degraded,grp_78925139400027,data_generator/output/scans/78925139400027/78925139400027_kbis_0215.png
37757464500018_facture_0216.pdf,facture,0,,37757464500018,,176322.10,186019.82,none,grp_37757464500018,data_generator/output/raw/37757464500018/37757464500018_facture_0216.pdf
37757464500018_facture_0216.png,facture,0,,37757464500018,,176322.10,186019.82,scan_degraded,grp_37757464500018,data_generator/output/scans/37757464500018/37757464500018_facture_0216.png
37757464500018_devis_0217.pdf,devis,0,,37757464500018,,17662.12,19428.33,none,grp_37757464500018,data_generator/output/raw/37757464500018/37757464500018_devis_0217.pdf
37757464500018_devis_0217.png,devis,0,,37757464500018,,17662.12,19428.33,scan_degraded,grp_37757464500018,data_generator/output/scans/37757464500018/37757464500018_devis_0217.png
37757464500018_attestation_urssaf_0218.pdf,attestation_urssaf,1,attestation_expiree,37757464500018,2024-11-11,,,none,grp_37757464500018,data_generator/output/raw_fraud/37757464500018/37757464500018_attestation_urssaf_0218.pdf
37757464500018_attestation_urssaf_0218.png,attestation_urssaf,1,attestation_expiree,37757464500018,2024-11-11,,,scan_degraded,grp_37757464500018,data_generator/output/scans_fraud/37757464500018/37757464500018_attestation_urssaf_0218.png
37757464500018_facture_0219.pdf,facture,0,,37757464500018,,1061.18,1273.42,none,grp_37757464500018,data_generator/output/raw/37757464500018/37757464500018_facture_0219.pdf
37757464500018_kbis_0220.pdf,kbis,1,mauvais_siret,44033947101787,,,,none,grp_37757464500018,data_generator/output/raw_fraud/37757464500018/37757464500018_kbis_0220.pdf
37757464500018_kbis_0221.pdf,kbis,1,mauvais_siret,47949166400021,,,,none,grp_37757464500018,data_generator/output/raw_fraud/37757464500018/37757464500018_kbis_0221.pdf
37757464500018_devis_0222.pdf,devis,0,,37757464500018,,36769.10,40446.01,none,grp_37757464500018,data_generator/output/raw/37757464500018/37757464500018_devis_0222.pdf
37757464500018_kbis_0223.pdf,kbis,0,,37757464500018,,,,none,grp_37757464500018,data_generator/output/raw/37757464500018/37757464500018_kbis_0223.pdf
37757464500018_kbis_0223.png,kbis,0,,37757464500018,,,,scan_degraded,grp_37757464500018,data_generator/output/scans/37757464500018/37757464500018_kbis_0223.png
31728838900529_devis_0224.pdf,devis,0,,31728838900529,,39438.18,41607.28,none,grp_31728838900529,data_generator/output/raw/31728838900529/31728838900529_devis_0224.pdf
31728838900529_kbis_0225.pdf,kbis,0,,31728838900529,,,,none,grp_31728838900529,data_generator/output/raw/31728838900529/31728838900529_kbis_0225.pdf
31728838900529_kbis_0225.png,kbis,0,,31728838900529,,,,scan_degraded,grp_31728838900529,data_generator/output/scans/31728838900529/31728838900529_kbis_0225.png
31728838900529_devis_0226.pdf,devis,0,,31728838900529,,97965.03,107761.53,none,grp_31728838900529,data_generator/output/raw/31728838900529/31728838900529_devis_0226.pdf
31728838900529_devis_0226.png,devis,0,,31728838900529,,97965.03,107761.53,scan_degraded,grp_31728838900529,data_generator/output/scans/31728838900529/31728838900529_devis_0226.png
31728838900529_facture_0227.pdf,facture,0,,31728838900529,,168895.71,202674.85,none,grp_31728838900529,data_generator/output/raw/31728838900529/31728838900529_facture_0227.pdf
31728838900529_facture_0227.png,facture,0,,31728838900529,,168895.71,202674.85,scan_degraded,grp_31728838900529,data_generator/output/scans/31728838900529/31728838900529_facture_0227.png
31728838900529_attestation_urssaf_0228.pdf,attestation_urssaf,0,,31728838900529,2026-09-14,,,none,grp_31728838900529,data_generator/output/raw/31728838900529/31728838900529_attestation_urssaf_0228.pdf
31728838900529_facture_0229.pdf,facture,0,,31728838900529,,56253.42,61878.76,none,grp_31728838900529,data_generator/output/raw/31728838900529/31728838900529_facture_0229.pdf
31728838900529_kbis_0230.pdf,kbis,0,,31728838900529,,,,none,grp_31728838900529,data_generator/output/raw/31728838900529/31728838900529_kbis_0230.pdf
31728838900529_devis_0231.pdf,devis,0,,31728838900529,,153174.75,168492.23,none,grp_31728838900529,data_generator/output/raw/31728838900529/31728838900529_devis_0231.pdf
31728838900529_facture_0232.pdf,facture,0,,31728838900529,,29093.92,32003.31,none,grp_31728838900529,data_generator/output/raw/31728838900529/31728838900529_facture_0232.pdf
31728838900529_facture_0232.png,facture,0,,31728838900529,,29093.92,32003.31,scan_degraded,grp_31728838900529,data_generator/output/scans/31728838900529/31728838900529_facture_0232.png
31728838900529_devis_0233.pdf,devis,0,,31728838900529,,161065.83,193279.00,none,grp_31728838900529,data_generator/output/raw/31728838900529/31728838900529_devis_0233.pdf
31500094300862_attestation_urssaf_0234.pdf,attestation_urssaf,0,,31500094300862,2026-09-14,,,none,grp_31500094300862,data_generator/output/raw/31500094300862/31500094300862_attestation_urssaf_0234.pdf
31500094300862_kbis_0235.pdf,kbis,0,,31500094300862,,,,none,grp_31500094300862,data_generator/output/raw/31500094300862/31500094300862_kbis_0235.pdf
31500094300862_kbis_0235.png,kbis,0,,31500094300862,,,,scan_degraded,grp_31500094300862,data_generator/output/scans/31500094300862/31500094300862_kbis_0235.png
31500094300862_facture_0236.pdf,facture,1,montant_altere,31500094300862,,169881.26,187469.17,none,grp_31500094300862,data_generator/output/raw_fraud/31500094300862/31500094300862_facture_0236.pdf
31500094300862_facture_0236.png,facture,1,montant_altere,31500094300862,,169881.26,187469.17,scan_degraded,grp_31500094300862,data_generator/output/scans_fraud/31500094300862/31500094300862_facture_0236.png
31500094300862_devis_0237.pdf,devis,0,,31500094300862,,44268.63,53122.36,none,grp_31500094300862,data_generator/output/raw/31500094300862/31500094300862_devis_0237.pdf
31500094300862_devis_0237.png,devis,0,,31500094300862,,44268.63,53122.36,scan_degraded,grp_31500094300862,data_generator/output/scans/31500094300862/31500094300862_devis_0237.png
31500094300862_devis_0238.pdf,devis,1,montant_altere,31500094300862,,19875.88,25220.06,none,grp_31500094300862,data_generator/output/raw_fraud/31500094300862/31500094300862_devis_0238.pdf
31500094300862_facture_0239.pdf,facture,0,,31500094300862,,52027.27,62432.72,none,grp_31500094300862,data_generator/output/raw/31500094300862/31500094300862_facture_0239.pdf
31500094300862_kbis_0240.pdf,kbis,0,,31500094300862,,,,none,grp_31500094300862,data_generator/output/raw/31500094300862/31500094300862_kbis_0240.pdf
31500094300862_facture_0241.pdf,facture,0,,31500094300862,,59935.04,63231.47,none,grp_31500094300862,data_generator/output/raw/31500094300862/31500094300862_facture_0241.pdf
31500094300862_facture_0241.png,facture,0,,31500094300862,,59935.04,63231.47,scan_degraded,grp_31500094300862,data_generator/output/scans/31500094300862/31500094300862_facture_0241.png
83417359300015_facture_0242.pdf,facture,0,,83417359300015,,3554.30,4265.16,none,grp_83417359300015,data_generator/output/raw/83417359300015/83417359300015_facture_0242.pdf
83417359300015_facture_0242.png,facture,0,,83417359300015,,3554.30,4265.16,scan_degraded,grp_83417359300015,data_generator/output/scans/83417359300015/83417359300015_facture_0242.png
83417359300015_facture_0243.pdf,facture,0,,83417359300015,,118525.81,130378.39,none,grp_83417359300015,data_generator/output/raw/83417359300015/83417359300015_facture_0243.pdf
83417359300015_attestation_urssaf_0244.pdf,attestation_urssaf,0,,83417359300015,2026-09-14,,,none,grp_83417359300015,data_generator/output/raw/83417359300015/83417359300015_attestation_urssaf_0244.pdf
83417359300015_attestation_urssaf_0244.png,attestation_urssaf,0,,83417359300015,2026-09-14,,,scan_degraded,grp_83417359300015,data_generator/output/scans/83417359300015/83417359300015_attestation_urssaf_0244.png
83417359300015_devis_0245.pdf,devis,1,montant_altere,83417359300015,,81381.89,90034.24,none,grp_83417359300015,data_generator/output/raw_fraud/83417359300015/83417359300015_devis_0245.pdf
83417359300015_devis_0246.pdf,devis,0,,83417359300015,,115624.50,127186.95,none,grp_83417359300015,data_generator/output/raw/83417359300015/83417359300015_devis_0246.pdf
83417359300015_devis_0247.pdf,devis,0,,83417359300015,,150526.56,158805.52,none,grp_83417359300015,data_generator/output/raw/83417359300015/83417359300015_devis_0247.pdf
83417359300015_facture_0248.pdf,facture,0,,83417359300015,,123346.03,148015.24,none,grp_83417359300015,data_generator/output/raw/83417359300015/83417359300015_facture_0248.pdf
83417359300015_facture_0248.png,facture,0,,83417359300015,,123346.03,148015.24,scan_degraded,grp_83417359300015,data_generator/output/scans/83417359300015/83417359300015_facture_0248.png
83417359300015_facture_0249.pdf,facture,1,montant_altere,83417359300015,,10415.40,12346.08,none,grp_83417359300015,data_generator/output/raw_fraud/83417359300015/83417359300015_facture_0249.pdf
83417359300015_facture_0249.png,facture,1,montant_altere,83417359300015,,10415.40,12346.08,scan_degraded,grp_83417359300015,data_generator/output/scans_fraud/83417359300015/83417359300015_facture_0249.png
83417359300015_facture_0250.pdf,facture,1,montant_altere,83417359300015,,290695.28,308818.62,none,grp_83417359300015,data_generator/output/raw_fraud/83417359300015/83417359300015_facture_0250.pdf
83417359300015_facture_0250.png,facture,1,montant_altere,83417359300015,,290695.28,308818.62,scan_degraded,grp_83417359300015,data_generator/output/scans_fraud/83417359300015/83417359300015_facture_0250.png
83417359300015_rib_0251.pdf,rib,1,iban_invalide,83417359300015,,,,none,grp_83417359300015,data_generator/output/raw_fraud/83417359300015/83417359300015_rib_0251.pdf
83417359300015_devis_0252.pdf,devis,0,,83417359300015,,125097.36,137607.10,none,grp_83417359300015,data_generator/output/raw/83417359300015/83417359300015_devis_0252.pdf
83417359300015_facture_0253.pdf,facture,0,,83417359300015,,56522.25,62174.48,none,grp_83417359300015,data_generator/output/raw/83417359300015/83417359300015_facture_0253.pdf
83417359300015_facture_0253.png,facture,0,,83417359300015,,56522.25,62174.48,scan_degraded,grp_83417359300015,data_generator/output/scans/83417359300015/83417359300015_facture_0253.png
39452889700082_rib_0254.pdf,rib,1,iban_invalide,39452889700082,,,,none,grp_39452889700082,data_generator/output/raw_fraud/39452889700082/39452889700082_rib_0254.pdf
39452889700082_facture_0255.pdf,facture,0,,39452889700082,,103517.93,109211.42,none,grp_39452889700082,data_generator/output/raw/39452889700082/39452889700082_facture_0255.pdf
39452889700082_facture_0255.png,facture,0,,39452889700082,,103517.93,109211.42,scan_degraded,grp_39452889700082,data_generator/output/scans/39452889700082/39452889700082_facture_0255.png
39452889700082_devis_0256.pdf,devis,0,,39452889700082,,1693.56,2032.27,none,grp_39452889700082,data_generator/output/raw/39452889700082/39452889700082_devis_0256.pdf
39452889700082_devis_0256.png,devis,0,,39452889700082,,1693.56,2032.27,scan_degraded,grp_39452889700082,data_generator/output/scans/39452889700082/39452889700082_devis_0256.png
39452889700082_kbis_0257.pdf,kbis,0,,39452889700082,,,,none,grp_39452889700082,data_generator/output/raw/39452889700082/39452889700082_kbis_0257.pdf
39452889700082_rib_0258.pdf,rib,0,,39452889700082,,,,none,grp_39452889700082,data_generator/output/raw/39452889700082/39452889700082_rib_0258.pdf
39452889700082_facture_0259.pdf,facture,0,,39452889700082,,52609.49,55503.01,none,grp_39452889700082,data_generator/output/raw/39452889700082/39452889700082_facture_0259.pdf
39452889700082_facture_0259.png,facture,0,,39452889700082,,52609.49,55503.01,scan_degraded,grp_39452889700082,data_generator/output/scans/39452889700082/39452889700082_facture_0259.png
39452889700082_facture_0260.pdf,facture,0,,39452889700082,,46918.17,49498.67,none,grp_39452889700082,data_generator/output/raw/39452889700082/39452889700082_facture_0260.pdf
39452889700082_facture_0261.pdf,facture,0,,39452889700082,,15808.80,18970.56,none,grp_39452889700082,data_generator/output/raw/39452889700082/39452889700082_facture_0261.pdf
39452889700082_devis_0262.pdf,devis,0,,39452889700082,,58708.26,64579.09,none,grp_39452889700082,data_generator/output/raw/39452889700082/39452889700082_devis_0262.pdf
39452889700082_attestation_urssaf_0263.pdf,attestation_urssaf,1,attestation_expiree,39452889700082,2024-08-04,,,none,grp_39452889700082,data_generator/output/raw_fraud/39452889700082/39452889700082_attestation_urssaf_0263.pdf
39452889700082_attestation_urssaf_0263.png,attestation_urssaf,1,attestation_expiree,39452889700082,2024-08-04,,,scan_degraded,grp_39452889700082,data_generator/output/scans_fraud/39452889700082/39452889700082_attestation_urssaf_0263.png
39452889700082_devis_0264.pdf,devis,0,,39452889700082,,8028.30,8469.86,none,grp_39452889700082,data_generator/output/raw/39452889700082/39452889700082_devis_0264.pdf
39452889700082_facture_0265.pdf,facture,0,,39452889700082,,30003.96,33004.36,none,grp_39452889700082,data_generator/output/raw/39452889700082/39452889700082_facture_0265.pdf
39452889700082_facture_0265.png,facture,0,,39452889700082,,30003.96,33004.36,scan_degraded,grp_39452889700082,data_generator/output/scans/39452889700082/39452889700082_facture_0265.png
13002629700015_kbis_0266.pdf,kbis,0,,13002629700015,,,,none,grp_13002629700015,data_generator/output/raw/13002629700015/13002629700015_kbis_0266.pdf
13002629700015_kbis_0266.png,kbis,0,,13002629700015,,,,scan_degraded,grp_13002629700015,data_generator/output/scans/13002629700015/13002629700015_kbis_0266.png
13002629700015_devis_0267.pdf,devis,0,,13002629700015,,13264.44,13993.98,none,grp_13002629700015,data_generator/output/raw/13002629700015/13002629700015_devis_0267.pdf
13002629700015_devis_0267.png,devis,0,,13002629700015,,13264.44,13993.98,scan_degraded,grp_13002629700015,data_generator/output/scans/13002629700015/13002629700015_devis_0267.png
13002629700015_devis_0268.pdf,devis,1,montant_altere,13002629700015,,101010.17,107720.18,none,grp_13002629700015,data_generator/output/raw_fraud/13002629700015/13002629700015_devis_0268.pdf
13002629700015_facture_0269.pdf,facture,0,,13002629700015,,86611.80,95272.98,none,grp_13002629700015,data_generator/output/raw/13002629700015/13002629700015_facture_0269.pdf
13002629700015_facture_0269.png,facture,0,,13002629700015,,86611.80,95272.98,scan_degraded,grp_13002629700015,data_generator/output/scans/13002629700015/13002629700015_facture_0269.png
13002629700015_devis_0270.pdf,devis,0,,13002629700015,,2567.86,3081.43,none,grp_13002629700015,data_generator/output/raw/13002629700015/13002629700015_devis_0270.pdf
13002629700015_devis_0270.png,devis,0,,13002629700015,,2567.86,3081.43,scan_degraded,grp_13002629700015,data_generator/output/scans/13002629700015/13002629700015_devis_0270.png
13002629700015_facture_0271.pdf,facture,1,montant_altere,13002629700015,,54971.62,62079.34,none,grp_13002629700015,data_generator/output/raw_fraud/13002629700015/13002629700015_facture_0271.pdf
13002629700015_facture_0271.png,facture,1,montant_altere,13002629700015,,54971.62,62079.34,scan_degraded,grp_13002629700015,data_generator/output/scans_fraud/13002629700015/13002629700015_facture_0271.png
13002629700015_facture_0272.pdf,facture,0,,13002629700015,,20341.82,24410.18,none,grp_13002629700015,data_generator/output/raw/13002629700015/13002629700015_facture_0272.pdf
13002629700015_facture_0272.png,facture,0,,13002629700015,,20341.82,24410.18,scan_degraded,grp_13002629700015,data_generator/output/scans/13002629700015/13002629700015_facture_0272.png
13002629700015_facture_0273.pdf,facture,1,montant_altere,13002629700015,,109825.80,122997.56,none,grp_13002629700015,data_generator/output/raw_fraud/13002629700015/13002629700015_facture_0273.pdf
13002629700015_facture_0273.png,facture,1,montant_altere,13002629700015,,109825.80,122997.56,scan_degraded,grp_13002629700015,data_generator/output/scans_fraud/13002629700015/13002629700015_facture_0273.png
13002629700015_facture_0274.pdf,facture,1,montant_altere,13002629700015,,161838.82,172506.73,none,grp_13002629700015,data_generator/output/raw_fraud/13002629700015/13002629700015_facture_0274.pdf
13002629700015_facture_0275.pdf,facture,1,montant_altere,13002629700015,,203835.74,225609.84,none,grp_13002629700015,data_generator/output/raw_fraud/13002629700015/13002629700015_facture_0275.pdf
13002629700015_facture_0275.png,facture,1,montant_altere,13002629700015,,203835.74,225609.84,scan_degraded,grp_13002629700015,data_generator/output/scans_fraud/13002629700015/13002629700015_facture_0275.png
13002629700015_attestation_urssaf_0276.pdf,attestation_urssaf,0,,13002629700015,2026-09-14,,,none,grp_13002629700015,data_generator/output/raw/13002629700015/13002629700015_attestation_urssaf_0276.pdf
13002629700015_attestation_urssaf_0276.png,attestation_urssaf,0,,13002629700015,2026-09-14,,,scan_degraded,grp_13002629700015,data_generator/output/scans/13002629700015/13002629700015_attestation_urssaf_0276.png
13002629700015_facture_0277.pdf,facture,0,,13002629700015,,197210.47,208057.05,none,grp_13002629700015,data_generator/output/raw/13002629700015/13002629700015_facture_0277.pdf
13002629700015_facture_0277.png,facture,0,,13002629700015,,197210.47,208057.05,scan_degraded,grp_13002629700015,data_generator/output/scans/13002629700015/13002629700015_facture_0277.png
51910092900016_devis_0278.pdf,devis,0,,51910092900016,,52660.61,57926.67,none,grp_51910092900016,data_generator/output/raw/51910092900016/51910092900016_devis_0278.pdf
51910092900016_rib_0279.pdf,rib,0,,51910092900016,,,,none,grp_51910092900016,data_generator/output/raw/51910092900016/51910092900016_rib_0279.pdf
51910092900016_rib_0279.png,rib,0,,51910092900016,,,,scan_degraded,grp_51910092900016,data_generator/output/scans/51910092900016/51910092900016_rib_0279.png
51910092900016_devis_0280.pdf,devis,0,,51910092900016,,70190.71,84228.85,none,grp_51910092900016,data_generator/output/raw/51910092900016/51910092900016_devis_0280.pdf
51910092900016_devis_0281.pdf,devis,1,montant_altere,51910092900016,,87815.31,93558.72,none,grp_51910092900016,data_generator/output/raw_fraud/51910092900016/51910092900016_devis_0281.pdf
51910092900016_devis_0281.png,devis,1,montant_altere,51910092900016,,87815.31,93558.72,scan_degraded,grp_51910092900016,data_generator/output/scans_fraud/51910092900016/51910092900016_devis_0281.png
51910092900016_facture_0282.pdf,facture,1,montant_altere,51910092900016,,152593.04,185765.01,none,grp_51910092900016,data_generator/output/raw_fraud/51910092900016/51910092900016_facture_0282.pdf
51910092900016_facture_0282.png,facture,1,montant_altere,51910092900016,,152593.04,185765.01,scan_degraded,grp_51910092900016,data_generator/output/scans_fraud/51910092900016/51910092900016_facture_0282.png
51910092900016_devis_0283.pdf,devis,0,,51910092900016,,67146.01,80575.21,none,grp_51910092900016,data_generator/output/raw/51910092900016/51910092900016_devis_0283.pdf
51910092900016_devis_0283.png,devis,0,,51910092900016,,67146.01,80575.21,scan_degraded,grp_51910092900016,data_generator/output/scans/51910092900016/51910092900016_devis_0283.png
51910092900016_devis_0284.pdf,devis,1,montant_altere,51910092900016,,236365.44,251358.67,none,grp_51910092900016,data_generator/output/raw_fraud/51910092900016/51910092900016_devis_0284.pdf
51910092900016_devis_0284.png,devis,1,montant_altere,51910092900016,,236365.44,251358.67,scan_degraded,grp_51910092900016,data_generator/output/scans_fraud/51910092900016/51910092900016_devis_0284.png
51910092900016_rib_0285.pdf,rib,0,,51910092900016,,,,none,grp_51910092900016,data_generator/output/raw/51910092900016/51910092900016_rib_0285.pdf
51910092900016_devis_0286.pdf,devis,0,,51910092900016,,15998.07,16877.96,none,grp_51910092900016,data_generator/output/raw/51910092900016/51910092900016_devis_0286.pdf
51910092900016_attestation_urssaf_0287.pdf,attestation_urssaf,1,attestation_expiree,51910092900016,2025-04-12,,,none,grp_51910092900016,data_generator/output/raw_fraud/51910092900016/51910092900016_attestation_urssaf_0287.pdf
51910092900016_attestation_urssaf_0287.png,attestation_urssaf,1,attestation_expiree,51910092900016,2025-04-12,,,scan_degraded,grp_51910092900016,data_generator/output/scans_fraud/51910092900016/51910092900016_attestation_urssaf_0287.png
51910092900016_facture_0288.pdf,facture,0,,51910092900016,,19964.32,21960.75,none,grp_51910092900016,data_generator/output/raw/51910092900016/51910092900016_facture_0288.pdf
51910092900016_facture_0288.png,facture,0,,51910092900016,,19964.32,21960.75,scan_degraded,grp_51910092900016,data_generator/output/scans/51910092900016/51910092900016_facture_0288.png
95208923300011_rib_0289.pdf,rib,0,,95208923300011,,,,none,grp_95208923300011,data_generator/output/raw/95208923300011/95208923300011_rib_0289.pdf
95208923300011_rib_0289.png,rib,0,,95208923300011,,,,scan_degraded,grp_95208923300011,data_generator/output/scans/95208923300011/95208923300011_rib_0289.png
95208923300011_rib_0290.pdf,rib,0,,95208923300011,,,,none,grp_95208923300011,data_generator/output/raw/95208923300011/95208923300011_rib_0290.pdf
95208923300011_rib_0290.png,rib,0,,95208923300011,,,,scan_degraded,grp_95208923300011,data_generator/output/scans/95208923300011/95208923300011_rib_0290.png
95208923300011_devis_0291.pdf,devis,0,,95208923300011,,40290.17,48348.20,none,grp_95208923300011,data_generator/output/raw/95208923300011/95208923300011_devis_0291.pdf
95208923300011_devis_0291.png,devis,0,,95208923300011,,40290.17,48348.20,scan_degraded,grp_95208923300011,data_generator/output/scans/95208923300011/95208923300011_devis_0291.png
95208923300011_devis_0292.pdf,devis,0,,95208923300011,,33651.89,40382.27,none,grp_95208923300011,data_generator/output/raw/95208923300011/95208923300011_devis_0292.pdf
95208923300011_devis_0292.png,devis,0,,95208923300011,,33651.89,40382.27,scan_degraded,grp_95208923300011,data_generator/output/scans/95208923300011/95208923300011_devis_0292.png
95208923300011_devis_0293.pdf,devis,0,,95208923300011,,100119.32,105625.88,none,grp_95208923300011,data_generator/output/raw/95208923300011/95208923300011_devis_0293.pdf
95208923300011_devis_0293.png,devis,0,,95208923300011,,100119.32,105625.88,scan_degraded,grp_95208923300011,data_generator/output/scans/95208923300011/95208923300011_devis_0293.png
95208923300011_facture_0294.pdf,facture,0,,95208923300011,,142801.80,157081.98,none,grp_95208923300011,data_generator/output/raw/95208923300011/95208923300011_facture_0294.pdf
95208923300011_facture_0295.pdf,facture,0,,95208923300011,,21953.96,26344.75,none,grp_95208923300011,data_generator/output/raw/95208923300011/95208923300011_facture_0295.pdf
95208923300011_facture_0295.png,facture,0,,95208923300011,,21953.96,26344.75,scan_degraded,grp_95208923300011,data_generator/output/scans/95208923300011/95208923300011_facture_0295.png
95208923300011_facture_0296.pdf,facture,0,,95208923300011,,186892.59,197171.68,none,grp_95208923300011,data_generator/output/raw/95208923300011/95208923300011_facture_0296.pdf
95208923300011_attestation_urssaf_0297.pdf,attestation_urssaf,0,,95208923300011,2026-09-14,,,none,grp_95208923300011,data_generator/output/raw/95208923300011/95208923300011_attestation_urssaf_0297.pdf
82049232000032_facture_0298.pdf,facture,0,,82049232000032,,146178.11,154217.91,none,grp_82049232000032,data_generator/output/raw/82049232000032/82049232000032_facture_0298.pdf
82049232000032_facture_0298.png,facture,0,,82049232000032,,146178.11,154217.91,scan_degraded,grp_82049232000032,data_generator/output/scans/82049232000032/82049232000032_facture_0298.png
82049232000032_devis_0299.pdf,devis,0,,82049232000032,,118382.89,142059.47,none,grp_82049232000032,data_generator/output/raw/82049232000032/82049232000032_devis_0299.pdf
82049232000032_devis_0299.png,devis,0,,82049232000032,,118382.89,142059.47,scan_degraded,grp_82049232000032,data_generator/output/scans/82049232000032/82049232000032_devis_0299.png
82049232000032_facture_0300.pdf,facture,0,,82049232000032,,97349.51,107084.46,none,grp_82049232000032,data_generator/output/raw/82049232000032/82049232000032_facture_0300.pdf
82049232000032_facture_0300.png,facture,0,,82049232000032,,97349.51,107084.46,scan_degraded,grp_82049232000032,data_generator/output/scans/82049232000032/82049232000032_facture_0300.png
82049232000032_facture_0301.pdf,facture,0,,82049232000032,,173021.68,207626.02,none,grp_82049232000032,data_generator/output/raw/82049232000032/82049232000032_facture_0301.pdf
82049232000032_facture_0301.png,facture,0,,82049232000032,,173021.68,207626.02,scan_degraded,grp_82049232000032,data_generator/output/scans/82049232000032/82049232000032_facture_0301.png
82049232000032_attestation_urssaf_0302.pdf,attestation_urssaf,0,,82049232000032,2026-09-14,,,none,grp_82049232000032,data_generator/output/raw/82049232000032/82049232000032_attestation_urssaf_0302.pdf
82049232000032_attestation_urssaf_0302.png,attestation_urssaf,0,,82049232000032,2026-09-14,,,scan_degraded,grp_82049232000032,data_generator/output/scans/82049232000032/82049232000032_attestation_urssaf_0302.png
82049232000032_facture_0303.pdf,facture,0,,82049232000032,,69437.02,73256.06,none,grp_82049232000032,data_generator/output/raw/82049232000032/82049232000032_facture_0303.pdf
82049232000032_facture_0303.png,facture,0,,82049232000032,,69437.02,73256.06,scan_degraded,grp_82049232000032,data_generator/output/scans/82049232000032/82049232000032_facture_0303.png
82049232000032_kbis_0304.pdf,kbis,0,,82049232000032,,,,none,grp_82049232000032,data_generator/output/raw/82049232000032/82049232000032_kbis_0304.pdf
82049232000032_kbis_0304.png,kbis,0,,82049232000032,,,,scan_degraded,grp_82049232000032,data_generator/output/scans/82049232000032/82049232000032_kbis_0304.png
82049232000032_devis_0305.pdf,devis,0,,82049232000032,,44826.80,49309.48,none,grp_82049232000032,data_generator/output/raw/82049232000032/82049232000032_devis_0305.pdf
82049232000032_devis_0306.pdf,devis,0,,82049232000032,,46873.37,51560.71,none,grp_82049232000032,data_generator/output/raw/82049232000032/82049232000032_devis_0306.pdf
82049232000032_devis_0306.png,devis,0,,82049232000032,,46873.37,51560.71,scan_degraded,grp_82049232000032,data_generator/output/scans/82049232000032/82049232000032_devis_0306.png
82049232000032_facture_0307.pdf,facture,0,,82049232000032,,83468.90,100162.68,none,grp_82049232000032,data_generator/output/raw/82049232000032/82049232000032_facture_0307.pdf
82049232000032_facture_0307.png,facture,0,,82049232000032,,83468.90,100162.68,scan_degraded,grp_82049232000032,data_generator/output/scans/82049232000032/82049232000032_facture_0307.png
82049232000032_devis_0308.pdf,devis,0,,82049232000032,,87399.69,96139.66,none,grp_82049232000032,data_generator/output/raw/82049232000032/82049232000032_devis_0308.pdf
82049232000032_facture_0309.pdf,facture,0,,82049232000032,,129293.25,136404.38,none,grp_82049232000032,data_generator/output/raw/82049232000032/82049232000032_facture_0309.pdf
82049232000032_facture_0309.png,facture,0,,82049232000032,,129293.25,136404.38,scan_degraded,grp_82049232000032,data_generator/output/scans/82049232000032/82049232000032_facture_0309.png
82479821900021_attestation_urssaf_0310.pdf,attestation_urssaf,1,attestation_expiree,82479821900021,2024-06-23,,,none,grp_82479821900021,data_generator/output/raw_fraud/82479821900021/82479821900021_attestation_urssaf_0310.pdf
82479821900021_attestation_urssaf_0310.png,attestation_urssaf,1,attestation_expiree,82479821900021,2024-06-23,,,scan_degraded,grp_82479821900021,data_generator/output/scans_fraud/82479821900021/82479821900021_attestation_urssaf_0310.png
82479821900021_devis_0311.pdf,devis,1,montant_altere,82479821900021,,31556.58,34625.99,none,grp_82479821900021,data_generator/output/raw_fraud/82479821900021/82479821900021_devis_0311.pdf
82479821900021_devis_0312.pdf,devis,0,,82479821900021,,79728.82,84113.91,none,grp_82479821900021,data_generator/output/raw/82479821900021/82479821900021_devis_0312.pdf
82479821900021_devis_0312.png,devis,0,,82479821900021,,79728.82,84113.91,scan_degraded,grp_82479821900021,data_generator/output/scans/82479821900021/82479821900021_devis_0312.png
82479821900021_devis_0313.pdf,devis,0,,82479821900021,,96431.86,115718.23,none,grp_82479821900021,data_generator/output/raw/82479821900021/82479821900021_devis_0313.pdf
82479821900021_devis_0314.pdf,devis,0,,82479821900021,,118831.72,130714.89,none,grp_82479821900021,data_generator/output/raw/82479821900021/82479821900021_devis_0314.pdf
82479821900021_devis_0314.png,devis,0,,82479821900021,,118831.72,130714.89,scan_degraded,grp_82479821900021,data_generator/output/scans/82479821900021/82479821900021_devis_0314.png
82479821900021_facture_0315.pdf,facture,0,,82479821900021,,58216.58,69859.90,none,grp_82479821900021,data_generator/output/raw/82479821900021/82479821900021_facture_0315.pdf
82479821900021_facture_0316.pdf,facture,0,,82479821900021,,1863.86,1966.37,none,grp_82479821900021,data_generator/output/raw/82479821900021/82479821900021_facture_0316.pdf
82479821900021_facture_0316.png,facture,0,,82479821900021,,1863.86,1966.37,scan_degraded,grp_82479821900021,data_generator/output/scans/82479821900021/82479821900021_facture_0316.png
82479821900021_facture_0317.pdf,facture,0,,82479821900021,,99680.76,119616.91,none,grp_82479821900021,data_generator/output/raw/82479821900021/82479821900021_facture_0317.pdf
82479821900021_facture_0317.png,facture,0,,82479821900021,,99680.76,119616.91,scan_degraded,grp_82479821900021,data_generator/output/scans/82479821900021/82479821900021_facture_0317.png
82479821900021_rib_0318.pdf,rib,0,,82479821900021,,,,none,grp_82479821900021,data_generator/output/raw/82479821900021/82479821900021_rib_0318.pdf
82479821900021_facture_0319.pdf,facture,0,,82479821900021,,3037.76,3204.84,none,grp_82479821900021,data_generator/output/raw/82479821900021/82479821900021_facture_0319.pdf
82479821900021_facture_0319.png,facture,0,,82479821900021,,3037.76,3204.84,scan_degraded,grp_82479821900021,data_generator/output/scans/82479821900021/82479821900021_facture_0319.png
47981648000012_devis_0320.pdf,devis,0,,47981648000012,,107515.50,113428.85,none,grp_47981648000012,data_generator/output/raw/47981648000012/47981648000012_devis_0320.pdf
47981648000012_devis_0320.png,devis,0,,47981648000012,,107515.50,113428.85,scan_degraded,grp_47981648000012,data_generator/output/scans/47981648000012/47981648000012_devis_0320.png
47981648000012_rib_0321.pdf,rib,0,,47981648000012,,,,none,grp_47981648000012,data_generator/output/raw/47981648000012/47981648000012_rib_0321.pdf
47981648000012_rib_0321.png,rib,0,,47981648000012,,,,scan_degraded,grp_47981648000012,data_generator/output/scans/47981648000012/47981648000012_rib_0321.png
47981648000012_devis_0322.pdf,devis,0,,47981648000012,,20792.25,22871.47,none,grp_47981648000012,data_generator/output/raw/47981648000012/47981648000012_devis_0322.pdf
47981648000012_devis_0322.png,devis,0,,47981648000012,,20792.25,22871.47,scan_degraded,grp_47981648000012,data_generator/output/scans/47981648000012/47981648000012_devis_0322.png
47981648000012_devis_0323.pdf,devis,0,,47981648000012,,83870.04,92257.04,none,grp_47981648000012,data_generator/output/raw/47981648000012/47981648000012_devis_0323.pdf
47981648000012_kbis_0324.pdf,kbis,0,,47981648000012,,,,none,grp_47981648000012,data_generator/output/raw/47981648000012/47981648000012_kbis_0324.pdf
47981648000012_devis_0325.pdf,devis,1,montant_altere,47981648000012,,38915.30,42790.51,none,grp_47981648000012,data_generator/output/raw_fraud/47981648000012/47981648000012_devis_0325.pdf
47981648000012_devis_0325.png,devis,1,montant_altere,47981648000012,,38915.30,42790.51,scan_degraded,grp_47981648000012,data_generator/output/scans_fraud/47981648000012/47981648000012_devis_0325.png
47981648000012_kbis_0326.pdf,kbis,0,,47981648000012,,,,none,grp_47981648000012,data_generator/output/raw/47981648000012/47981648000012_kbis_0326.pdf
47981648000012_kbis_0326.png,kbis,0,,47981648000012,,,,scan_degraded,grp_47981648000012,data_generator/output/scans/47981648000012/47981648000012_kbis_0326.png
47981648000012_attestation_urssaf_0327.pdf,attestation_urssaf,0,,47981648000012,2026-09-14,,,none,grp_47981648000012,data_generator/output/raw/47981648000012/47981648000012_attestation_urssaf_0327.pdf
47981648000012_kbis_0328.pdf,kbis,0,,47981648000012,,,,none,grp_47981648000012,data_generator/output/raw/47981648000012/47981648000012_kbis_0328.pdf
47981648000012_kbis_0328.png,kbis,0,,47981648000012,,,,scan_degraded,grp_47981648000012,data_generator/output/scans/47981648000012/47981648000012_kbis_0328.png
47981648000012_facture_0329.pdf,facture,0,,47981648000012,,8156.70,9788.04,none,grp_47981648000012,data_generator/output/raw/47981648000012/47981648000012_facture_0329.pdf
47981648000012_facture_0329.png,facture,0,,47981648000012,,8156.70,9788.04,scan_degraded,grp_47981648000012,data_generator/output/scans/47981648000012/47981648000012_facture_0329.png
89031302600019_devis_0330.pdf,devis,0,,89031302600019,,3048.51,3353.36,none,grp_89031302600019,data_generator/output/raw/89031302600019/89031302600019_devis_0330.pdf
89031302600019_devis_0331.pdf,devis,0,,89031302600019,,260041.62,312049.94,none,grp_89031302600019,data_generator/output/raw/89031302600019/89031302600019_devis_0331.pdf
89031302600019_attestation_urssaf_0332.pdf,attestation_urssaf,0,,89031302600019,2026-09-14,,,none,grp_89031302600019,data_generator/output/raw/89031302600019/89031302600019_attestation_urssaf_0332.pdf
89031302600019_attestation_urssaf_0332.png,attestation_urssaf,0,,89031302600019,2026-09-14,,,scan_degraded,grp_89031302600019,data_generator/output/scans/89031302600019/89031302600019_attestation_urssaf_0332.png
89031302600019_devis_0333.pdf,devis,0,,89031302600019,,89195.35,98114.89,none,grp_89031302600019,data_generator/output/raw/89031302600019/89031302600019_devis_0333.pdf
89031302600019_devis_0333.png,devis,0,,89031302600019,,89195.35,98114.89,scan_degraded,grp_89031302600019,data_generator/output/scans/89031302600019/89031302600019_devis_0333.png
89031302600019_kbis_0334.pdf,kbis,1,mauvais_siret,34950603000015,,,,none,grp_89031302600019,data_generator/output/raw_fraud/89031302600019/89031302600019_kbis_0334.pdf
89031302600019_kbis_0334.png,kbis,1,mauvais_siret,34950603000015,,,,scan_degraded,grp_89031302600019,data_generator/output/scans_fraud/89031302600019/89031302600019_kbis_0334.png
89031302600019_devis_0335.pdf,devis,0,,89031302600019,,81391.16,85867.67,none,grp_89031302600019,data_generator/output/raw/89031302600019/89031302600019_devis_0335.pdf
89031302600019_devis_0335.png,devis,0,,89031302600019,,81391.16,85867.67,scan_degraded,grp_89031302600019,data_generator/output/scans/89031302600019/89031302600019_devis_0335.png
89031302600019_rib_0336.pdf,rib,0,,89031302600019,,,,none,grp_89031302600019,data_generator/output/raw/89031302600019/89031302600019_rib_0336.pdf
89031302600019_devis_0337.pdf,devis,0,,89031302600019,,54414.03,57406.80,none,grp_89031302600019,data_generator/output/raw/89031302600019/89031302600019_devis_0337.pdf
89031302600019_devis_0337.png,devis,0,,89031302600019,,54414.03,57406.80,scan_degraded,grp_89031302600019,data_generator/output/scans/89031302600019/89031302600019_devis_0337.png
89031302600019_rib_0338.pdf,rib,1,iban_invalide,89031302600019,,,,none,grp_89031302600019,data_generator/output/raw_fraud/89031302600019/89031302600019_rib_0338.pdf
89031302600019_rib_0338.png,rib,1,iban_invalide,89031302600019,,,,scan_degraded,grp_89031302600019,data_generator/output/scans_fraud/89031302600019/89031302600019_rib_0338.png
89031302600019_facture_0339.pdf,facture,0,,89031302600019,,64218.63,70640.49,none,grp_89031302600019,data_generator/output/raw/89031302600019/89031302600019_facture_0339.pdf
89031302600019_facture_0339.png,facture,0,,89031302600019,,64218.63,70640.49,scan_degraded,grp_89031302600019,data_generator/output/scans/89031302600019/89031302600019_facture_0339.png
21750001600019_facture_0340.pdf,facture,0,,21750001600019,,114190.82,137028.98,none,grp_21750001600019,data_generator/output/raw/21750001600019/21750001600019_facture_0340.pdf
21750001600019_rib_0341.pdf,rib,0,,21750001600019,,,,none,grp_21750001600019,data_generator/output/raw/21750001600019/21750001600019_rib_0341.pdf
21750001600019_devis_0342.pdf,devis,1,montant_altere,21750001600019,,122450.74,147897.65,none,grp_21750001600019,data_generator/output/raw_fraud/21750001600019/21750001600019_devis_0342.pdf
21750001600019_facture_0343.pdf,facture,0,,21750001600019,,101441.22,107020.49,none,grp_21750001600019,data_generator/output/raw/21750001600019/21750001600019_facture_0343.pdf
21750001600019_devis_0344.pdf,devis,0,,21750001600019,,38689.60,40817.53,none,grp_21750001600019,data_generator/output/raw/21750001600019/21750001600019_devis_0344.pdf
21750001600019_devis_0344.png,devis,0,,21750001600019,,38689.60,40817.53,scan_degraded,grp_21750001600019,data_generator/output/scans/21750001600019/21750001600019_devis_0344.png
21750001600019_facture_0345.pdf,facture,0,,21750001600019,,167931.01,201517.21,none,grp_21750001600019,data_generator/output/raw/21750001600019/21750001600019_facture_0345.pdf
21750001600019_facture_0345.png,facture,0,,21750001600019,,167931.01,201517.21,scan_degraded,grp_21750001600019,data_generator/output/scans/21750001600019/21750001600019_facture_0345.png
21750001600019_kbis_0346.pdf,kbis,0,,21750001600019,,,,none,grp_21750001600019,data_generator/output/raw/21750001600019/21750001600019_kbis_0346.pdf
21750001600019_kbis_0346.png,kbis,0,,21750001600019,,,,scan_degraded,grp_21750001600019,data_generator/output/scans/21750001600019/21750001600019_kbis_0346.png
21750001600019_attestation_urssaf_0347.pdf,attestation_urssaf,0,,21750001600019,2026-09-14,,,none,grp_21750001600019,data_generator/output/raw/21750001600019/21750001600019_attestation_urssaf_0347.pdf
79658092600023_devis_0348.pdf,devis,1,montant_altere,79658092600023,,2689.20,4429.69,none,grp_79658092600023,data_generator/output/raw_fraud/79658092600023/79658092600023_devis_0348.pdf
79658092600023_devis_0348.png,devis,1,montant_altere,79658092600023,,2689.20,4429.69,scan_degraded,grp_79658092600023,data_generator/output/scans_fraud/79658092600023/79658092600023_devis_0348.png
79658092600023_devis_0349.pdf,devis,0,,79658092600023,,61227.35,73472.82,none,grp_79658092600023,data_generator/output/raw/79658092600023/79658092600023_devis_0349.pdf
79658092600023_facture_0350.pdf,facture,0,,79658092600023,,71259.84,85511.81,none,grp_79658092600023,data_generator/output/raw/79658092600023/79658092600023_facture_0350.pdf
79658092600023_facture_0350.png,facture,0,,79658092600023,,71259.84,85511.81,scan_degraded,grp_79658092600023,data_generator/output/scans/79658092600023/79658092600023_facture_0350.png
79658092600023_facture_0351.pdf,facture,0,,79658092600023,,42819.49,47101.44,none,grp_79658092600023,data_generator/output/raw/79658092600023/79658092600023_facture_0351.pdf
79658092600023_facture_0352.pdf,facture,0,,79658092600023,,113534.25,119778.63,none,grp_79658092600023,data_generator/output/raw/79658092600023/79658092600023_facture_0352.pdf
79658092600023_facture_0352.png,facture,0,,79658092600023,,113534.25,119778.63,scan_degraded,grp_79658092600023,data_generator/output/scans/79658092600023/79658092600023_facture_0352.png
79658092600023_facture_0353.pdf,facture,0,,79658092600023,,30992.64,32697.24,none,grp_79658092600023,data_generator/output/raw/79658092600023/79658092600023_facture_0353.pdf
79658092600023_facture_0353.png,facture,0,,79658092600023,,30992.64,32697.24,scan_degraded,grp_79658092600023,data_generator/output/scans/79658092600023/79658092600023_facture_0353.png
79658092600023_devis_0354.pdf,devis,1,montant_altere,79658092600023,,13002.84,15808.28,none,grp_79658092600023,data_generator/output/raw_fraud/79658092600023/79658092600023_devis_0354.pdf
79658092600023_attestation_urssaf_0355.pdf,attestation_urssaf,0,,79658092600023,2026-09-14,,,none,grp_79658092600023,data_generator/output/raw/79658092600023/79658092600023_attestation_urssaf_0355.pdf
79658092600023_attestation_urssaf_0355.png,attestation_urssaf,0,,79658092600023,2026-09-14,,,scan_degraded,grp_79658092600023,data_generator/output/scans/79658092600023/79658092600023_attestation_urssaf_0355.png
31617316000102_facture_0356.pdf,facture,0,,31617316000102,,4863.70,5350.07,none,grp_31617316000102,data_generator/output/raw/31617316000102/31617316000102_facture_0356.pdf
31617316000102_kbis_0357.pdf,kbis,0,,31617316000102,,,,none,grp_31617316000102,data_generator/output/raw/31617316000102/31617316000102_kbis_0357.pdf
31617316000102_kbis_0357.png,kbis,0,,31617316000102,,,,scan_degraded,grp_31617316000102,data_generator/output/scans/31617316000102/31617316000102_kbis_0357.png
31617316000102_rib_0358.pdf,rib,0,,31617316000102,,,,none,grp_31617316000102,data_generator/output/raw/31617316000102/31617316000102_rib_0358.pdf
31617316000102_facture_0359.pdf,facture,0,,31617316000102,,41467.69,43748.41,none,grp_31617316000102,data_generator/output/raw/31617316000102/31617316000102_facture_0359.pdf
31617316000102_devis_0360.pdf,devis,1,montant_altere,31617316000102,,31693.02,35942.91,none,grp_31617316000102,data_generator/output/raw_fraud/31617316000102/31617316000102_devis_0360.pdf
31617316000102_devis_0360.png,devis,1,montant_altere,31617316000102,,31693.02,35942.91,scan_degraded,grp_31617316000102,data_generator/output/scans_fraud/31617316000102/31617316000102_devis_0360.png
31617316000102_devis_0361.pdf,devis,0,,31617316000102,,68253.46,81904.15,none,grp_31617316000102,data_generator/output/raw/31617316000102/31617316000102_devis_0361.pdf
31617316000102_devis_0361.png,devis,0,,31617316000102,,68253.46,81904.15,scan_degraded,grp_31617316000102,data_generator/output/scans/31617316000102/31617316000102_devis_0361.png
31617316000102_attestation_urssaf_0362.pdf,attestation_urssaf,1,attestation_expiree,31617316000102,2026-03-06,,,none,grp_31617316000102,data_generator/output/raw_fraud/31617316000102/31617316000102_attestation_urssaf_0362.pdf
31617316000102_facture_0363.pdf,facture,0,,31617316000102,,44709.93,47168.98,none,grp_31617316000102,data_generator/output/raw/31617316000102/31617316000102_facture_0363.pdf
82884206200014_facture_0364.pdf,facture,0,,82884206200014,,46907.84,49487.77,none,grp_82884206200014,data_generator/output/raw/82884206200014/82884206200014_facture_0364.pdf
82884206200014_rib_0365.pdf,rib,1,iban_invalide,82884206200014,,,,none,grp_82884206200014,data_generator/output/raw_fraud/82884206200014/82884206200014_rib_0365.pdf
82884206200014_rib_0365.png,rib,1,iban_invalide,82884206200014,,,,scan_degraded,grp_82884206200014,data_generator/output/scans_fraud/82884206200014/82884206200014_rib_0365.png
82884206200014_facture_0366.pdf,facture,0,,82884206200014,,56386.20,67663.44,none,grp_82884206200014,data_generator/output/raw/82884206200014/82884206200014_facture_0366.pdf
82884206200014_facture_0366.png,facture,0,,82884206200014,,56386.20,67663.44,scan_degraded,grp_82884206200014,data_generator/output/scans/82884206200014/82884206200014_facture_0366.png
82884206200014_devis_0367.pdf,devis,1,montant_altere,82884206200014,,232345.82,257043.45,none,grp_82884206200014,data_generator/output/raw_fraud/82884206200014/82884206200014_devis_0367.pdf
82884206200014_devis_0367.png,devis,1,montant_altere,82884206200014,,232345.82,257043.45,scan_degraded,grp_82884206200014,data_generator/output/scans_fraud/82884206200014/82884206200014_devis_0367.png
82884206200014_rib_0368.pdf,rib,0,,82884206200014,,,,none,grp_82884206200014,data_generator/output/raw/82884206200014/82884206200014_rib_0368.pdf
82884206200014_rib_0369.pdf,rib,0,,82884206200014,,,,none,grp_82884206200014,data_generator/output/raw/82884206200014/82884206200014_rib_0369.pdf
82884206200014_rib_0370.pdf,rib,0,,82884206200014,,,,none,grp_82884206200014,data_generator/output/raw/82884206200014/82884206200014_rib_0370.pdf
82884206200014_devis_0371.pdf,devis,0,,82884206200014,,145053.60,174064.32,none,grp_82884206200014,data_generator/output/raw/82884206200014/82884206200014_devis_0371.pdf
82884206200014_rib_0372.pdf,rib,0,,82884206200014,,,,none,grp_82884206200014,data_generator/output/raw/82884206200014/82884206200014_rib_0372.pdf
82884206200014_rib_0372.png,rib,0,,82884206200014,,,,scan_degraded,grp_82884206200014,data_generator/output/scans/82884206200014/82884206200014_rib_0372.png
82884206200014_facture_0373.pdf,facture,0,,82884206200014,,111682.74,134019.29,none,grp_82884206200014,data_generator/output/raw/82884206200014/82884206200014_facture_0373.pdf
82884206200014_facture_0373.png,facture,0,,82884206200014,,111682.74,134019.29,scan_degraded,grp_82884206200014,data_generator/output/scans/82884206200014/82884206200014_facture_0373.png
82884206200014_attestation_urssaf_0374.pdf,attestation_urssaf,0,,82884206200014,2026-09-14,,,none,grp_82884206200014,data_generator/output/raw/82884206200014/82884206200014_attestation_urssaf_0374.pdf
82884206200014_attestation_urssaf_0374.png,attestation_urssaf,0,,82884206200014,2026-09-14,,,scan_degraded,grp_82884206200014,data_generator/output/scans/82884206200014/82884206200014_attestation_urssaf_0374.png
82884206200014_devis_0375.pdf,devis,0,,82884206200014,,59911.33,65902.46,none,grp_82884206200014,data_generator/output/raw/82884206200014/82884206200014_devis_0375.pdf
44161698400015_rib_0376.pdf,rib,0,,44161698400015,,,,none,grp_44161698400015,data_generator/output/raw/44161698400015/44161698400015_rib_0376.pdf
44161698400015_facture_0377.pdf,facture,0,,44161698400015,,150655.35,165720.89,none,grp_44161698400015,data_generator/output/raw/44161698400015/44161698400015_facture_0377.pdf
44161698400015_devis_0378.pdf,devis,0,,44161698400015,,190798.40,201292.31,none,grp_44161698400015,data_generator/output/raw/44161698400015/44161698400015_devis_0378.pdf
44161698400015_devis_0378.png,devis,0,,44161698400015,,190798.40,201292.31,scan_degraded,grp_44161698400015,data_generator/output/scans/44161698400015/44161698400015_devis_0378.png
44161698400015_attestation_urssaf_0379.pdf,attestation_urssaf,0,,44161698400015,2026-09-14,,,none,grp_44161698400015,data_generator/output/raw/44161698400015/44161698400015_attestation_urssaf_0379.pdf
44161698400015_kbis_0380.pdf,kbis,1,mauvais_siret,44110051800014,,,,none,grp_44161698400015,data_generator/output/raw_fraud/44161698400015/44161698400015_kbis_0380.pdf
44161698400015_rib_0381.pdf,rib,0,,44161698400015,,,,none,grp_44161698400015,data_generator/output/raw/44161698400015/44161698400015_rib_0381.pdf
44161698400015_rib_0381.png,rib,0,,44161698400015,,,,scan_degraded,grp_44161698400015,data_generator/output/scans/44161698400015/44161698400015_rib_0381.png
44161698400015_facture_0382.pdf,facture,0,,44161698400015,,111144.64,133373.57,none,grp_44161698400015,data_generator/output/raw/44161698400015/44161698400015_facture_0382.pdf
44161698400015_facture_0382.png,facture,0,,44161698400015,,111144.64,133373.57,scan_degraded,grp_44161698400015,data_generator/output/scans/44161698400015/44161698400015_facture_0382.png
44161698400015_devis_0383.pdf,devis,0,,44161698400015,,130024.39,137175.73,none,grp_44161698400015,data_generator/output/raw/44161698400015/44161698400015_devis_0383.pdf
44161698400015_devis_0383.png,devis,0,,44161698400015,,130024.39,137175.73,scan_degraded,grp_44161698400015,data_generator/output/scans/44161698400015/44161698400015_devis_0383.png
44161698400015_rib_0384.pdf,rib,0,,44161698400015,,,,none,grp_44161698400015,data_generator/output/raw/44161698400015/44161698400015_rib_0384.pdf
44161698400015_rib_0384.png,rib,0,,44161698400015,,,,scan_degraded,grp_44161698400015,data_generator/output/scans/44161698400015/44161698400015_rib_0384.png
44161698400015_rib_0385.pdf,rib,0,,44161698400015,,,,none,grp_44161698400015,data_generator/output/raw/44161698400015/44161698400015_rib_0385.pdf
44161698400015_devis_0386.pdf,devis,0,,44161698400015,,38276.62,40381.83,none,grp_44161698400015,data_generator/output/raw/44161698400015/44161698400015_devis_0386.pdf
44161698400015_devis_0386.png,devis,0,,44161698400015,,38276.62,40381.83,scan_degraded,grp_44161698400015,data_generator/output/scans/44161698400015/44161698400015_devis_0386.png
44161698400015_facture_0387.pdf,facture,0,,44161698400015,,323316.82,387980.18,none,grp_44161698400015,data_generator/output/raw/44161698400015/44161698400015_facture_0387.pdf
44161698400015_facture_0387.png,facture,0,,44161698400015,,323316.82,387980.18,scan_degraded,grp_44161698400015,data_generator/output/scans/44161698400015/44161698400015_facture_0387.png
44333562500036_kbis_0388.pdf,kbis,0,,44333562500036,,,,none,grp_44333562500036,data_generator/output/raw/44333562500036/44333562500036_kbis_0388.pdf
44333562500036_kbis_0388.png,kbis,0,,44333562500036,,,,scan_degraded,grp_44333562500036,data_generator/output/scans/44333562500036/44333562500036_kbis_0388.png
44333562500036_rib_0389.pdf,rib,0,,44333562500036,,,,none,grp_44333562500036,data_generator/output/raw/44333562500036/44333562500036_rib_0389.pdf
44333562500036_rib_0389.png,rib,0,,44333562500036,,,,scan_degraded,grp_44333562500036,data_generator/output/scans/44333562500036/44333562500036_rib_0389.png
44333562500036_facture_0390.pdf,facture,0,,44333562500036,,189754.54,208729.99,none,grp_44333562500036,data_generator/output/raw/44333562500036/44333562500036_facture_0390.pdf
44333562500036_facture_0390.png,facture,0,,44333562500036,,189754.54,208729.99,scan_degraded,grp_44333562500036,data_generator/output/scans/44333562500036/44333562500036_facture_0390.png
44333562500036_facture_0391.pdf,facture,0,,44333562500036,,115471.69,121822.63,none,grp_44333562500036,data_generator/output/raw/44333562500036/44333562500036_facture_0391.pdf
44333562500036_facture_0391.png,facture,0,,44333562500036,,115471.69,121822.63,scan_degraded,grp_44333562500036,data_generator/output/scans/44333562500036/44333562500036_facture_0391.png
44333562500036_facture_0392.pdf,facture,0,,44333562500036,,3098.65,3269.08,none,grp_44333562500036,data_generator/output/raw/44333562500036/44333562500036_facture_0392.pdf
44333562500036_facture_0392.png,facture,0,,44333562500036,,3098.65,3269.08,scan_degraded,grp_44333562500036,data_generator/output/scans/44333562500036/44333562500036_facture_0392.png
44333562500036_attestation_urssaf_0393.pdf,attestation_urssaf,0,,44333562500036,2026-09-14,,,none,grp_44333562500036,data_generator/output/raw/44333562500036/44333562500036_attestation_urssaf_0393.pdf
44333562500036_attestation_urssaf_0393.png,attestation_urssaf,0,,44333562500036,2026-09-14,,,scan_degraded,grp_44333562500036,data_generator/output/scans/44333562500036/44333562500036_attestation_urssaf_0393.png
44333562500036_facture_0394.pdf,facture,0,,44333562500036,,12269.62,14723.54,none,grp_44333562500036,data_generator/output/raw/44333562500036/44333562500036_facture_0394.pdf
44333562500036_devis_0395.pdf,devis,0,,44333562500036,,42888.32,51465.98,none,grp_44333562500036,data_generator/output/raw/44333562500036/44333562500036_devis_0395.pdf
44333562500036_facture_0396.pdf,facture,0,,44333562500036,,185977.03,223172.44,none,grp_44333562500036,data_generator/output/raw/44333562500036/44333562500036_facture_0396.pdf
44333562500036_kbis_0397.pdf,kbis,0,,44333562500036,,,,none,grp_44333562500036,data_generator/output/raw/44333562500036/44333562500036_kbis_0397.pdf
44333562500036_kbis_0397.png,kbis,0,,44333562500036,,,,scan_degraded,grp_44333562500036,data_generator/output/scans/44333562500036/44333562500036_kbis_0397.png
44333562500036_facture_0398.pdf,facture,0,,44333562500036,,213324.25,234656.68,none,grp_44333562500036,data_generator/output/raw/44333562500036/44333562500036_facture_0398.pdf
44000855500011_kbis_0399.pdf,kbis,0,,44000855500011,,,,none,grp_44000855500011,data_generator/output/raw/44000855500011/44000855500011_kbis_0399.pdf
44000855500011_rib_0400.pdf,rib,1,iban_invalide,44000855500011,,,,none,grp_44000855500011,data_generator/output/raw_fraud/44000855500011/44000855500011_rib_0400.pdf
44000855500011_rib_0400.png,rib,1,iban_invalide,44000855500011,,,,scan_degraded,grp_44000855500011,data_generator/output/scans_fraud/44000855500011/44000855500011_rib_0400.png
44000855500011_facture_0401.pdf,facture,0,,44000855500011,,18557.26,22268.71,none,grp_44000855500011,data_generator/output/raw/44000855500011/44000855500011_facture_0401.pdf
44000855500011_facture_0401.png,facture,0,,44000855500011,,18557.26,22268.71,scan_degraded,grp_44000855500011,data_generator/output/scans/44000855500011/44000855500011_facture_0401.png
44000855500011_attestation_urssaf_0402.pdf,attestation_urssaf,0,,44000855500011,2026-09-14,,,none,grp_44000855500011,data_generator/output/raw/44000855500011/44000855500011_attestation_urssaf_0402.pdf
44000855500011_attestation_urssaf_0402.png,attestation_urssaf,0,,44000855500011,2026-09-14,,,scan_degraded,grp_44000855500011,data_generator/output/scans/44000855500011/44000855500011_attestation_urssaf_0402.png
44000855500011_devis_0403.pdf,devis,1,montant_altere,44000855500011,,136705.48,152305.59,none,grp_44000855500011,data_generator/output/raw_fraud/44000855500011/44000855500011_devis_0403.pdf
44000855500011_devis_0403.png,devis,1,montant_altere,44000855500011,,136705.48,152305.59,scan_degraded,grp_44000855500011,data_generator/output/scans_fraud/44000855500011/44000855500011_devis_0403.png
44000855500011_devis_0404.pdf,devis,1,montant_altere,44000855500011,,159801.06,176379.64,none,grp_44000855500011,data_generator/output/raw_fraud/44000855500011/44000855500011_devis_0404.pdf
44000855500011_devis_0404.png,devis,1,montant_altere,44000855500011,,159801.06,176379.64,scan_degraded,grp_44000855500011,data_generator/output/scans_fraud/44000855500011/44000855500011_devis_0404.png
44000855500011_devis_0405.pdf,devis,1,montant_altere,44000855500011,,163127.49,173182.65,none,grp_44000855500011,data_generator/output/raw_fraud/44000855500011/44000855500011_devis_0405.pdf
44000855500011_kbis_0406.pdf,kbis,1,mauvais_siret,37757464500018,,,,none,grp_44000855500011,data_generator/output/raw_fraud/44000855500011/44000855500011_kbis_0406.pdf
44000855500011_kbis_0406.png,kbis,1,mauvais_siret,37757464500018,,,,scan_degraded,grp_44000855500011,data_generator/output/scans_fraud/44000855500011/44000855500011_kbis_0406.png
44000855500011_facture_0407.pdf,facture,0,,44000855500011,,26749.91,28221.16,none,grp_44000855500011,data_generator/output/raw/44000855500011/44000855500011_facture_0407.pdf
44000855500011_facture_0407.png,facture,0,,44000855500011,,26749.91,28221.16,scan_degraded,grp_44000855500011,data_generator/output/scans/44000855500011/44000855500011_facture_0407.png
44000855500011_facture_0408.pdf,facture,0,,44000855500011,,117696.20,124169.49,none,grp_44000855500011,data_generator/output/raw/44000855500011/44000855500011_facture_0408.pdf
98300293200017_facture_0409.pdf,facture,0,,98300293200017,,67471.74,74218.91,none,grp_98300293200017,data_generator/output/raw/98300293200017/98300293200017_facture_0409.pdf
98300293200017_facture_0410.pdf,facture,0,,98300293200017,,78973.95,86871.35,none,grp_98300293200017,data_generator/output/raw/98300293200017/98300293200017_facture_0410.pdf
98300293200017_devis_0411.pdf,devis,0,,98300293200017,,104115.14,109841.47,none,grp_98300293200017,data_generator/output/raw/98300293200017/98300293200017_devis_0411.pdf
98300293200017_devis_0412.pdf,devis,0,,98300293200017,,70566.31,77622.94,none,grp_98300293200017,data_generator/output/raw/98300293200017/98300293200017_devis_0412.pdf
98300293200017_rib_0413.pdf,rib,0,,98300293200017,,,,none,grp_98300293200017,data_generator/output/raw/98300293200017/98300293200017_rib_0413.pdf
98300293200017_rib_0413.png,rib,0,,98300293200017,,,,scan_degraded,grp_98300293200017,data_generator/output/scans/98300293200017/98300293200017_rib_0413.png
98300293200017_rib_0414.pdf,rib,1,iban_invalide,98300293200017,,,,none,grp_98300293200017,data_generator/output/raw_fraud/98300293200017/98300293200017_rib_0414.pdf
98300293200017_devis_0415.pdf,devis,0,,98300293200017,,61151.13,67266.24,none,grp_98300293200017,data_generator/output/raw/98300293200017/98300293200017_devis_0415.pdf
98300293200017_devis_0415.png,devis,0,,98300293200017,,61151.13,67266.24,scan_degraded,grp_98300293200017,data_generator/output/scans/98300293200017/98300293200017_devis_0415.png
98300293200017_devis_0416.pdf,devis,0,,98300293200017,,103440.17,109129.38,none,grp_98300293200017,data_generator/output/raw/98300293200017/98300293200017_devis_0416.pdf
98300293200017_devis_0416.png,devis,0,,98300293200017,,103440.17,109129.38,scan_degraded,grp_98300293200017,data_generator/output/scans/98300293200017/98300293200017_devis_0416.png
98300293200017_attestation_urssaf_0417.pdf,attestation_urssaf,0,,98300293200017,2026-09-14,,,none,grp_98300293200017,data_generator/output/raw/98300293200017/98300293200017_attestation_urssaf_0417.pdf
98300293200017_attestation_urssaf_0417.png,attestation_urssaf,0,,98300293200017,2026-09-14,,,scan_degraded,grp_98300293200017,data_generator/output/scans/98300293200017/98300293200017_attestation_urssaf_0417.png
93106328300028_facture_0418.pdf,facture,0,,93106328300028,,179769.20,197746.12,none,grp_93106328300028,data_generator/output/raw/93106328300028/93106328300028_facture_0418.pdf
93106328300028_facture_0418.png,facture,0,,93106328300028,,179769.20,197746.12,scan_degraded,grp_93106328300028,data_generator/output/scans/93106328300028/93106328300028_facture_0418.png
93106328300028_devis_0419.pdf,devis,0,,93106328300028,,62645.84,66091.36,none,grp_93106328300028,data_generator/output/raw/93106328300028/93106328300028_devis_0419.pdf
93106328300028_devis_0420.pdf,devis,0,,93106328300028,,38755.41,46506.49,none,grp_93106328300028,data_generator/output/raw/93106328300028/93106328300028_devis_0420.pdf
93106328300028_devis_0420.png,devis,0,,93106328300028,,38755.41,46506.49,scan_degraded,grp_93106328300028,data_generator/output/scans/93106328300028/93106328300028_devis_0420.png
93106328300028_facture_0421.pdf,facture,1,montant_altere,93106328300028,,74851.12,90876.65,none,grp_93106328300028,data_generator/output/raw_fraud/93106328300028/93106328300028_facture_0421.pdf
93106328300028_facture_0421.png,facture,1,montant_altere,93106328300028,,74851.12,90876.65,scan_degraded,grp_93106328300028,data_generator/output/scans_fraud/93106328300028/93106328300028_facture_0421.png
93106328300028_devis_0422.pdf,devis,0,,93106328300028,,88626.84,93501.32,none,grp_93106328300028,data_generator/output/raw/93106328300028/93106328300028_devis_0422.pdf
93106328300028_kbis_0423.pdf,kbis,0,,93106328300028,,,,none,grp_93106328300028,data_generator/output/raw/93106328300028/93106328300028_kbis_0423.pdf
93106328300028_kbis_0423.png,kbis,0,,93106328300028,,,,scan_degraded,grp_93106328300028,data_generator/output/scans/93106328300028/93106328300028_kbis_0423.png
93106328300028_attestation_urssaf_0424.pdf,attestation_urssaf,0,,93106328300028,2026-09-14,,,none,grp_93106328300028,data_generator/output/raw/93106328300028/93106328300028_attestation_urssaf_0424.pdf
93106328300028_attestation_urssaf_0424.png,attestation_urssaf,0,,93106328300028,2026-09-14,,,scan_degraded,grp_93106328300028,data_generator/output/scans/93106328300028/93106328300028_attestation_urssaf_0424.png
93106328300028_rib_0425.pdf,rib,0,,93106328300028,,,,none,grp_93106328300028,data_generator/output/raw/93106328300028/93106328300028_rib_0425.pdf
93106328300028_rib_0425.png,rib,0,,93106328300028,,,,scan_degraded,grp_93106328300028,data_generator/output/scans/93106328300028/93106328300028_rib_0425.png
93106328300028_devis_0426.pdf,devis,0,,93106328300028,,70864.67,85037.60,none,grp_93106328300028,data_generator/output/raw/93106328300028/93106328300028_devis_0426.pdf
83430785200014_kbis_0427.pdf,kbis,0,,83430785200014,,,,none,grp_83430785200014,data_generator/output/raw/83430785200014/83430785200014_kbis_0427.pdf
83430785200014_kbis_0427.png,kbis,0,,83430785200014,,,,scan_degraded,grp_83430785200014,data_generator/output/scans/83430785200014/83430785200014_kbis_0427.png
83430785200014_facture_0428.pdf,facture,1,montant_altere,83430785200014,,119609.08,144085.75,none,grp_83430785200014,data_generator/output/raw_fraud/83430785200014/83430785200014_facture_0428.pdf
83430785200014_facture_0428.png,facture,1,montant_altere,83430785200014,,119609.08,144085.75,scan_degraded,grp_83430785200014,data_generator/output/scans_fraud/83430785200014/83430785200014_facture_0428.png
83430785200014_devis_0429.pdf,devis,0,,83430785200014,,118640.31,130504.34,none,grp_83430785200014,data_generator/output/raw/83430785200014/83430785200014_devis_0429.pdf
83430785200014_devis_0429.png,devis,0,,83430785200014,,118640.31,130504.34,scan_degraded,grp_83430785200014,data_generator/output/scans/83430785200014/83430785200014_devis_0429.png
83430785200014_facture_0430.pdf,facture,0,,83430785200014,,202356.36,242827.63,none,grp_83430785200014,data_generator/output/raw/83430785200014/83430785200014_facture_0430.pdf
83430785200014_attestation_urssaf_0431.pdf,attestation_urssaf,0,,83430785200014,2026-09-14,,,none,grp_83430785200014,data_generator/output/raw/83430785200014/83430785200014_attestation_urssaf_0431.pdf
83430785200014_attestation_urssaf_0431.png,attestation_urssaf,0,,83430785200014,2026-09-14,,,scan_degraded,grp_83430785200014,data_generator/output/scans/83430785200014/83430785200014_attestation_urssaf_0431.png
83430785200014_facture_0432.pdf,facture,0,,83430785200014,,106401.29,127681.55,none,grp_83430785200014,data_generator/output/raw/83430785200014/83430785200014_facture_0432.pdf
83430785200014_kbis_0433.pdf,kbis,0,,83430785200014,,,,none,grp_83430785200014,data_generator/output/raw/83430785200014/83430785200014_kbis_0433.pdf
83430785200014_kbis_0433.png,kbis,0,,83430785200014,,,,scan_degraded,grp_83430785200014,data_generator/output/scans/83430785200014/83430785200014_kbis_0433.png
83430785200014_facture_0434.pdf,facture,0,,83430785200014,,146922.69,176307.23,none,grp_83430785200014,data_generator/output/raw/83430785200014/83430785200014_facture_0434.pdf
44033947101787_kbis_0435.pdf,kbis,0,,44033947101787,,,,none,grp_44033947101787,data_generator/output/raw/44033947101787/44033947101787_kbis_0435.pdf
44033947101787_kbis_0436.pdf,kbis,1,mauvais_siret,98278539600010,,,,none,grp_44033947101787,data_generator/output/raw_fraud/44033947101787/44033947101787_kbis_0436.pdf
44033947101787_facture_0437.pdf,facture,0,,44033947101787,,152608.87,183130.64,none,grp_44033947101787,data_generator/output/raw/44033947101787/44033947101787_facture_0437.pdf
44033947101787_attestation_urssaf_0438.pdf,attestation_urssaf,0,,44033947101787,2026-09-14,,,none,grp_44033947101787,data_generator/output/raw/44033947101787/44033947101787_attestation_urssaf_0438.pdf
44033947101787_attestation_urssaf_0438.png,attestation_urssaf,0,,44033947101787,2026-09-14,,,scan_degraded,grp_44033947101787,data_generator/output/scans/44033947101787/44033947101787_attestation_urssaf_0438.png
44033947101787_rib_0439.pdf,rib,0,,44033947101787,,,,none,grp_44033947101787,data_generator/output/raw/44033947101787/44033947101787_rib_0439.pdf
44033947101787_rib_0440.pdf,rib,0,,44033947101787,,,,none,grp_44033947101787,data_generator/output/raw/44033947101787/44033947101787_rib_0440.pdf
44033947101787_rib_0440.png,rib,0,,44033947101787,,,,scan_degraded,grp_44033947101787,data_generator/output/scans/44033947101787/44033947101787_rib_0440.png
44033947101787_rib_0441.pdf,rib,0,,44033947101787,,,,none,grp_44033947101787,data_generator/output/raw/44033947101787/44033947101787_rib_0441.pdf
44033947101787_devis_0442.pdf,devis,1,montant_altere,44033947101787,,111141.53,133686.20,none,grp_44033947101787,data_generator/output/raw_fraud/44033947101787/44033947101787_devis_0442.pdf
44033947101787_devis_0442.png,devis,1,montant_altere,44033947101787,,111141.53,133686.20,scan_degraded,grp_44033947101787,data_generator/output/scans_fraud/44033947101787/44033947101787_devis_0442.png
44033947101787_devis_0443.pdf,devis,0,,44033947101787,,32309.64,34086.67,none,grp_44033947101787,data_generator/output/raw/44033947101787/44033947101787_devis_0443.pdf
44033947101787_devis_0443.png,devis,0,,44033947101787,,32309.64,34086.67,scan_degraded,grp_44033947101787,data_generator/output/scans/44033947101787/44033947101787_devis_0443.png
44033947101787_rib_0444.pdf,rib,0,,44033947101787,,,,none,grp_44033947101787,data_generator/output/raw/44033947101787/44033947101787_rib_0444.pdf
33791379200467_rib_0445.pdf,rib,1,iban_invalide,33791379200467,,,,none,grp_33791379200467,data_generator/output/raw_fraud/33791379200467/33791379200467_rib_0445.pdf
33791379200467_facture_0446.pdf,facture,0,,33791379200467,,39400.66,41567.70,none,grp_33791379200467,data_generator/output/raw/33791379200467/33791379200467_facture_0446.pdf
33791379200467_facture_0447.pdf,facture,0,,33791379200467,,185028.86,222034.63,none,grp_33791379200467,data_generator/output/raw/33791379200467/33791379200467_facture_0447.pdf
33791379200467_rib_0448.pdf,rib,1,iban_invalide,33791379200467,,,,none,grp_33791379200467,data_generator/output/raw_fraud/33791379200467/33791379200467_rib_0448.pdf
33791379200467_rib_0449.pdf,rib,0,,33791379200467,,,,none,grp_33791379200467,data_generator/output/raw/33791379200467/33791379200467_rib_0449.pdf
33791379200467_rib_0449.png,rib,0,,33791379200467,,,,scan_degraded,grp_33791379200467,data_generator/output/scans/33791379200467/33791379200467_rib_0449.png
33791379200467_kbis_0450.pdf,kbis,0,,33791379200467,,,,none,grp_33791379200467,data_generator/output/raw/33791379200467/33791379200467_kbis_0450.pdf
33791379200467_kbis_0450.png,kbis,0,,33791379200467,,,,scan_degraded,grp_33791379200467,data_generator/output/scans/33791379200467/33791379200467_kbis_0450.png
33791379200467_facture_0451.pdf,facture,0,,33791379200467,,223605.95,268327.14,none,grp_33791379200467,data_generator/output/raw/33791379200467/33791379200467_facture_0451.pdf
33791379200467_facture_0451.png,facture,0,,33791379200467,,223605.95,268327.14,scan_degraded,grp_33791379200467,data_generator/output/scans/33791379200467/33791379200467_facture_0451.png
33791379200467_attestation_urssaf_0452.pdf,attestation_urssaf,0,,33791379200467,2026-09-14,,,none,grp_33791379200467,data_generator/output/raw/33791379200467/33791379200467_attestation_urssaf_0452.pdf
33791379200467_devis_0453.pdf,devis,1,montant_altere,33791379200467,,137307.53,152703.26,none,grp_33791379200467,data_generator/output/raw_fraud/33791379200467/33791379200467_devis_0453.pdf
33791379200467_rib_0454.pdf,rib,0,,33791379200467,,,,none,grp_33791379200467,data_generator/output/raw/33791379200467/33791379200467_rib_0454.pdf
33791379200467_rib_0454.png,rib,0,,33791379200467,,,,scan_degraded,grp_33791379200467,data_generator/output/scans/33791379200467/33791379200467_rib_0454.png
82078929500012_attestation_urssaf_0455.pdf,attestation_urssaf,0,,82078929500012,2026-09-14,,,none,grp_82078929500012,data_generator/output/raw/82078929500012/82078929500012_attestation_urssaf_0455.pdf
82078929500012_facture_0456.pdf,facture,1,montant_altere,82078929500012,,150621.20,161386.85,none,grp_82078929500012,data_generator/output/raw_fraud/82078929500012/82078929500012_facture_0456.pdf
82078929500012_facture_0456.png,facture,1,montant_altere,82078929500012,,150621.20,161386.85,scan_degraded,grp_82078929500012,data_generator/output/scans_fraud/82078929500012/82078929500012_facture_0456.png
82078929500012_facture_0457.pdf,facture,0,,82078929500012,,170694.39,204833.27,none,grp_82078929500012,data_generator/output/raw/82078929500012/82078929500012_facture_0457.pdf
82078929500012_facture_0457.png,facture,0,,82078929500012,,170694.39,204833.27,scan_degraded,grp_82078929500012,data_generator/output/scans/82078929500012/82078929500012_facture_0457.png
82078929500012_rib_0458.pdf,rib,0,,82078929500012,,,,none,grp_82078929500012,data_generator/output/raw/82078929500012/82078929500012_rib_0458.pdf
82078929500012_rib_0458.png,rib,0,,82078929500012,,,,scan_degraded,grp_82078929500012,data_generator/output/scans/82078929500012/82078929500012_rib_0458.png
82078929500012_rib_0459.pdf,rib,0,,82078929500012,,,,none,grp_82078929500012,data_generator/output/raw/82078929500012/82078929500012_rib_0459.pdf
82078929500012_rib_0459.png,rib,0,,82078929500012,,,,scan_degraded,grp_82078929500012,data_generator/output/scans/82078929500012/82078929500012_rib_0459.png
82078929500012_rib_0460.pdf,rib,0,,82078929500012,,,,none,grp_82078929500012,data_generator/output/raw/82078929500012/82078929500012_rib_0460.pdf
82078929500012_rib_0461.pdf,rib,1,iban_invalide,82078929500012,,,,none,grp_82078929500012,data_generator/output/raw_fraud/82078929500012/82078929500012_rib_0461.pdf
82078929500012_facture_0462.pdf,facture,0,,82078929500012,,57576.02,69091.22,none,grp_82078929500012,data_generator/output/raw/82078929500012/82078929500012_facture_0462.pdf
82078929500012_devis_0463.pdf,devis,0,,82078929500012,,189386.70,227264.04,none,grp_82078929500012,data_generator/output/raw/82078929500012/82078929500012_devis_0463.pdf
82078929500012_devis_0463.png,devis,0,,82078929500012,,189386.70,227264.04,scan_degraded,grp_82078929500012,data_generator/output/scans/82078929500012/82078929500012_devis_0463.png
82078929500012_kbis_0464.pdf,kbis,0,,82078929500012,,,,none,grp_82078929500012,data_generator/output/raw/82078929500012/82078929500012_kbis_0464.pdf
88770999600011_devis_0465.pdf,devis,0,,88770999600011,,124595.91,137055.50,none,grp_88770999600011,data_generator/output/raw/88770999600011/88770999600011_devis_0465.pdf
88770999600011_devis_0465.png,devis,0,,88770999600011,,124595.91,137055.50,scan_degraded,grp_88770999600011,data_generator/output/scans/88770999600011/88770999600011_devis_0465.png
88770999600011_kbis_0466.pdf,kbis,0,,88770999600011,,,,none,grp_88770999600011,data_generator/output/raw/88770999600011/88770999600011_kbis_0466.pdf
88770999600011_devis_0467.pdf,devis,1,montant_altere,88770999600011,,94577.61,100029.41,none,grp_88770999600011,data_generator/output/raw_fraud/88770999600011/88770999600011_devis_0467.pdf
88770999600011_attestation_urssaf_0468.pdf,attestation_urssaf,0,,88770999600011,2026-09-14,,,none,grp_88770999600011,data_generator/output/raw/88770999600011/88770999600011_attestation_urssaf_0468.pdf
88770999600011_kbis_0469.pdf,kbis,0,,88770999600011,,,,none,grp_88770999600011,data_generator/output/raw/88770999600011/88770999600011_kbis_0469.pdf
88770999600011_kbis_0469.png,kbis,0,,88770999600011,,,,scan_degraded,grp_88770999600011,data_generator/output/scans/88770999600011/88770999600011_kbis_0469.png
88770999600011_facture_0470.pdf,facture,0,,88770999600011,,136173.19,149790.51,none,grp_88770999600011,data_generator/output/raw/88770999600011/88770999600011_facture_0470.pdf
88770999600011_facture_0470.png,facture,0,,88770999600011,,136173.19,149790.51,scan_degraded,grp_88770999600011,data_generator/output/scans/88770999600011/88770999600011_facture_0470.png
88770999600011_rib_0471.pdf,rib,0,,88770999600011,,,,none,grp_88770999600011,data_generator/output/raw/88770999600011/88770999600011_rib_0471.pdf
88770999600011_devis_0472.pdf,devis,0,,88770999600011,,35978.00,37956.79,none,grp_88770999600011,data_generator/output/raw/88770999600011/88770999600011_devis_0472.pdf
88770999600011_devis_0472.png,devis,0,,88770999600011,,35978.00,37956.79,scan_degraded,grp_88770999600011,data_generator/output/scans/88770999600011/88770999600011_devis_0472.png
88770999600011_facture_0473.pdf,facture,0,,88770999600011,,109021.79,130826.15,none,grp_88770999600011,data_generator/output/raw/88770999600011/88770999600011_facture_0473.pdf
88770999600011_facture_0473.png,facture,0,,88770999600011,,109021.79,130826.15,scan_degraded,grp_88770999600011,data_generator/output/scans/88770999600011/88770999600011_facture_0473.png
88770999600011_devis_0474.pdf,devis,1,montant_altere,88770999600011,,162045.50,179147.13,none,grp_88770999600011,data_generator/output/raw_fraud/88770999600011/88770999600011_devis_0474.pdf
88770999600011_devis_0474.png,devis,1,montant_altere,88770999600011,,162045.50,179147.13,scan_degraded,grp_88770999600011,data_generator/output/scans_fraud/88770999600011/88770999600011_devis_0474.png
50120270900041_devis_0475.pdf,devis,0,,50120270900041,,62142.58,65560.42,none,grp_50120270900041,data_generator/output/raw/50120270900041/50120270900041_devis_0475.pdf
50120270900041_devis_0475.png,devis,0,,50120270900041,,62142.58,65560.42,scan_degraded,grp_50120270900041,data_generator/output/scans/50120270900041/50120270900041_devis_0475.png
50120270900041_devis_0476.pdf,devis,0,,50120270900041,,4955.20,5450.72,none,grp_50120270900041,data_generator/output/raw/50120270900041/50120270900041_devis_0476.pdf
50120270900041_facture_0477.pdf,facture,0,,50120270900041,,47905.43,52695.97,none,grp_50120270900041,data_generator/output/raw/50120270900041/50120270900041_facture_0477.pdf
50120270900041_facture_0477.png,facture,0,,50120270900041,,47905.43,52695.97,scan_degraded,grp_50120270900041,data_generator/output/scans/50120270900041/50120270900041_facture_0477.png
50120270900041_devis_0478.pdf,devis,0,,50120270900041,,194980.85,205704.80,none,grp_50120270900041,data_generator/output/raw/50120270900041/50120270900041_devis_0478.pdf
50120270900041_devis_0479.pdf,devis,1,montant_altere,50120270900041,,44801.16,48449.54,none,grp_50120270900041,data_generator/output/raw_fraud/50120270900041/50120270900041_devis_0479.pdf
50120270900041_attestation_urssaf_0480.pdf,attestation_urssaf,0,,50120270900041,2026-09-14,,,none,grp_50120270900041,data_generator/output/raw/50120270900041/50120270900041_attestation_urssaf_0480.pdf
50120270900041_attestation_urssaf_0480.png,attestation_urssaf,0,,50120270900041,2026-09-14,,,scan_degraded,grp_50120270900041,data_generator/output/scans/50120270900041/50120270900041_attestation_urssaf_0480.png
50120270900041_facture_0481.pdf,facture,1,montant_altere,50120270900041,,76127.26,93412.49,none,grp_50120270900041,data_generator/output/raw_fraud/50120270900041/50120270900041_facture_0481.pdf
50120270900041_facture_0481.png,facture,1,montant_altere,50120270900041,,76127.26,93412.49,scan_degraded,grp_50120270900041,data_generator/output/scans_fraud/50120270900041/50120270900041_facture_0481.png
50120270900041_facture_0482.pdf,facture,0,,50120270900041,,172734.50,182234.90,none,grp_50120270900041,data_generator/output/raw/50120270900041/50120270900041_facture_0482.pdf
50120270900041_facture_0482.png,facture,0,,50120270900041,,172734.50,182234.90,scan_degraded,grp_50120270900041,data_generator/output/scans/50120270900041/50120270900041_facture_0482.png
43444870000014_facture_0483.pdf,facture,0,,43444870000014,,150662.32,165728.55,none,grp_43444870000014,data_generator/output/raw/43444870000014/43444870000014_facture_0483.pdf
43444870000014_facture_0484.pdf,facture,0,,43444870000014,,192452.49,211697.74,none,grp_43444870000014,data_generator/output/raw/43444870000014/43444870000014_facture_0484.pdf
43444870000014_facture_0484.png,facture,0,,43444870000014,,192452.49,211697.74,scan_degraded,grp_43444870000014,data_generator/output/scans/43444870000014/43444870000014_facture_0484.png
43444870000014_facture_0485.pdf,facture,0,,43444870000014,,86042.36,103250.83,none,grp_43444870000014,data_generator/output/raw/43444870000014/43444870000014_facture_0485.pdf
43444870000014_facture_0485.png,facture,0,,43444870000014,,86042.36,103250.83,scan_degraded,grp_43444870000014,data_generator/output/scans/43444870000014/43444870000014_facture_0485.png
43444870000014_facture_0486.pdf,facture,0,,43444870000014,,136489.88,163787.86,none,grp_43444870000014,data_generator/output/raw/43444870000014/43444870000014_facture_0486.pdf
43444870000014_facture_0486.png,facture,0,,43444870000014,,136489.88,163787.86,scan_degraded,grp_43444870000014,data_generator/output/scans/43444870000014/43444870000014_facture_0486.png
43444870000014_attestation_urssaf_0487.pdf,attestation_urssaf,0,,43444870000014,2026-09-14,,,none,grp_43444870000014,data_generator/output/raw/43444870000014/43444870000014_attestation_urssaf_0487.pdf
43444870000014_attestation_urssaf_0487.png,attestation_urssaf,0,,43444870000014,2026-09-14,,,scan_degraded,grp_43444870000014,data_generator/output/scans/43444870000014/43444870000014_attestation_urssaf_0487.png
43444870000014_facture_0488.pdf,facture,1,montant_altere,43444870000014,,114925.69,139154.05,none,grp_43444870000014,data_generator/output/raw_fraud/43444870000014/43444870000014_facture_0488.pdf
43444870000014_facture_0488.png,facture,1,montant_altere,43444870000014,,114925.69,139154.05,scan_degraded,grp_43444870000014,data_generator/output/scans_fraud/43444870000014/43444870000014_facture_0488.png
43444870000014_rib_0489.pdf,rib,1,iban_invalide,43444870000014,,,,none,grp_43444870000014,data_generator/output/raw_fraud/43444870000014/43444870000014_rib_0489.pdf
43444870000014_rib_0489.png,rib,1,iban_invalide,43444870000014,,,,scan_degraded,grp_43444870000014,data_generator/output/scans_fraud/43444870000014/43444870000014_rib_0489.png
43444870000014_kbis_0490.pdf,kbis,0,,43444870000014,,,,none,grp_43444870000014,data_generator/output/raw/43444870000014/43444870000014_kbis_0490.pdf
43444870000014_kbis_0490.png,kbis,0,,43444870000014,,,,scan_degraded,grp_43444870000014,data_generator/output/scans/43444870000014/43444870000014_kbis_0490.png
43444870000014_kbis_0491.pdf,kbis,0,,43444870000014,,,,none,grp_43444870000014,data_generator/output/raw/43444870000014/43444870000014_kbis_0491.pdf
43444870000014_kbis_0491.png,kbis,0,,43444870000014,,,,scan_degraded,grp_43444870000014,data_generator/output/scans/43444870000014/43444870000014_kbis_0491.png
90119064500050_kbis_0492.pdf,kbis,0,,90119064500050,,,,none,grp_90119064500050,data_generator/output/raw/90119064500050/90119064500050_kbis_0492.pdf
90119064500050_kbis_0492.png,kbis,0,,90119064500050,,,,scan_degraded,grp_90119064500050,data_generator/output/scans/90119064500050/90119064500050_kbis_0492.png
90119064500050_facture_0493.pdf,facture,0,,90119064500050,,41156.09,43419.67,none,grp_90119064500050,data_generator/output/raw/90119064500050/90119064500050_facture_0493.pdf
90119064500050_facture_0493.png,facture,0,,90119064500050,,41156.09,43419.67,scan_degraded,grp_90119064500050,data_generator/output/scans/90119064500050/90119064500050_facture_0493.png
90119064500050_facture_0494.pdf,facture,1,montant_altere,90119064500050,,78223.90,95477.94,none,grp_90119064500050,data_generator/output/raw_fraud/90119064500050/90119064500050_facture_0494.pdf
90119064500050_facture_0494.png,facture,1,montant_altere,90119064500050,,78223.90,95477.94,scan_degraded,grp_90119064500050,data_generator/output/scans_fraud/90119064500050/90119064500050_facture_0494.png
90119064500050_facture_0495.pdf,facture,1,montant_altere,90119064500050,,70198.74,85841.04,none,grp_90119064500050,data_generator/output/raw_fraud/90119064500050/90119064500050_facture_0495.pdf
90119064500050_facture_0496.pdf,facture,1,montant_altere,90119064500050,,29514.94,36601.98,none,grp_90119064500050,data_generator/output/raw_fraud/90119064500050/90119064500050_facture_0496.pdf
90119064500050_facture_0496.png,facture,1,montant_altere,90119064500050,,29514.94,36601.98,scan_degraded,grp_90119064500050,data_generator/output/scans_fraud/90119064500050/90119064500050_facture_0496.png
90119064500050_devis_0497.pdf,devis,0,,90119064500050,,125564.63,150677.56,none,grp_90119064500050,data_generator/output/raw/90119064500050/90119064500050_devis_0497.pdf
90119064500050_devis_0498.pdf,devis,0,,90119064500050,,52595.47,57855.02,none,grp_90119064500050,data_generator/output/raw/90119064500050/90119064500050_devis_0498.pdf
90119064500050_devis_0498.png,devis,0,,90119064500050,,52595.47,57855.02,scan_degraded,grp_90119064500050,data_generator/output/scans/90119064500050/90119064500050_devis_0498.png
90119064500050_kbis_0499.pdf,kbis,0,,90119064500050,,,,none,grp_90119064500050,data_generator/output/raw/90119064500050/90119064500050_kbis_0499.pdf
90119064500050_kbis_0500.pdf,kbis,0,,90119064500050,,,,none,grp_90119064500050,data_generator/output/raw/90119064500050/90119064500050_kbis_0500.pdf
90119064500050_kbis_0500.png,kbis,0,,90119064500050,,,,scan_degraded,grp_90119064500050,data_generator/output/scans/90119064500050/90119064500050_kbis_0500.png
90119064500050_attestation_urssaf_0501.pdf,attestation_urssaf,0,,90119064500050,2026-09-14,,,none,grp_90119064500050,data_generator/output/raw/90119064500050/90119064500050_attestation_urssaf_0501.pdf
90119064500050_attestation_urssaf_0501.png,attestation_urssaf,0,,90119064500050,2026-09-14,,,scan_degraded,grp_90119064500050,data_generator/output/scans/90119064500050/90119064500050_attestation_urssaf_0501.png
